Occidental College,Far West AK CA HI NV OR WA,46652
Harvey Mudd College,Far West AK CA HI NV OR WA,46509
University of Southern California,Far West AK CA HI NV OR WA,46298
Reed College,Far West AK CA HI NV OR WA,46010
Claremont McKenna College,Far West AK CA HI NV OR WA,45625
Scripps College,Far West AK CA HI NV OR WA,45564
Pitzer College,Far West AK CA HI NV OR WA,45018
Pepperdine University,Far West AK CA HI NV OR WA,44902
Stanford University,Far West AK CA HI NV OR WA,43683
Pomona College,Far West AK CA HI NV OR WA,43580
Chapman University,Far West AK CA HI NV OR WA,43573
Whitman College,Far West AK CA HI NV OR WA,43500
Willamette University,Far West AK CA HI NV OR WA,42305
Santa Clara University,Far West AK CA HI NV OR WA,42156
Lewis & Clark College,Far West AK CA HI NV OR WA,41928
University of Puget Sound,Far West AK CA HI NV OR WA,41868
California Institute of Technology,Far West AK CA HI NV OR WA,41538
Mills College,Far West AK CA HI NV OR WA,41494
University of San Diego,Far West AK CA HI NV OR WA,41392
University of Redlands,Far West AK CA HI NV OR WA,41290
Dominican University of California,Far West AK CA HI NV OR WA,40600
Whittier College,Far West AK CA HI NV OR WA,40296
University of San Francisco,Far West AK CA HI NV OR WA,40294
Loyola Marymount University,Far West AK CA HI NV OR WA,40265
Saint Mary's College of California,Far West AK CA HI NV OR WA,39890
University of the Pacific,Far West AK CA HI NV OR WA,39810
University of Portland,Far West AK CA HI NV OR WA,38670
Westmont College,Far West AK CA HI NV OR WA,38510
Menlo College,Far West AK CA HI NV OR WA,37100
Pacific University,Far West AK CA HI NV OR WA,37024
Seattle University,Far West AK CA HI NV OR WA,36465
Linfield College-McMinnville Campus,Far West AK CA HI NV OR WA,36310
Whitworth University,Far West AK CA HI NV OR WA,36012
California Lutheran University,Far West AK CA HI NV OR WA,35720
Gonzaga University,Far West AK CA HI NV OR WA,35062
University of La Verne,Far West AK CA HI NV OR WA,35000
Pacific Lutheran University,Far West AK CA HI NV OR WA,34740
Mount St Mary's College,Far West AK CA HI NV OR WA,33852
Seattle Pacific University,Far West AK CA HI NV OR WA,33813
Woodbury University,Far West AK CA HI NV OR WA,33150
Holy Names University,Far West AK CA HI NV OR WA,33020
Azusa Pacific University,Far West AK CA HI NV OR WA,32256
Biola University,Far West AK CA HI NV OR WA,32142
Notre Dame de Namur University,Far West AK CA HI NV OR WA,31126
George Fox University,Far West AK CA HI NV OR WA,31120
Point Loma Nazarene University,Far West AK CA HI NV OR WA,30356
Saint Martin's University,Far West AK CA HI NV OR WA,30284
Alaska Pacific University,Far West AK CA HI NV OR WA,29810
Concordia University-Irvine,Far West AK CA HI NV OR WA,29630
Vanguard University of Southern California,Far West AK CA HI NV OR WA,29250
Soka University of America,Far West AK CA HI NV OR WA,29144
La Sierra University,Far West AK CA HI NV OR WA,29103
The Master's College and Seminary,Far West AK CA HI NV OR WA,28800
Sierra Nevada College,Far West AK CA HI NV OR WA,28483
California Baptist University,Far West AK CA HI NV OR WA,28122
American Jewish University,Far West AK CA HI NV OR WA,27900
Concordia University-Portland,Far West AK CA HI NV OR WA,27492
Pacific Union College,Far West AK CA HI NV OR WA,27480
Corban University,Far West AK CA HI NV OR WA,27431
Trinity Lutheran College,Far West AK CA HI NV OR WA,27042
Hope International University,Far West AK CA HI NV OR WA,26050
Northwest University,Far West AK CA HI NV OR WA,25934
San Diego Christian College,Far West AK CA HI NV OR WA,25888
Fresno Pacific University,Far West AK CA HI NV OR WA,25716
Walla Walla University,Far West AK CA HI NV OR WA,25377
Northwest Christian University,Far West AK CA HI NV OR WA,24930
Thomas Aquinas College,Far West AK CA HI NV OR WA,24500
Providence Christian College,Far West AK CA HI NV OR WA,24222
Simpson University,Far West AK CA HI NV OR WA,23300
Antioch University-Seattle,Far West AK CA HI NV OR WA,20595
Coleman University,Far West AK CA HI NV OR WA,20200
Hawaii Pacific University,Far West AK CA HI NV OR WA,20180
Chaminade University of Honolulu,Far West AK CA HI NV OR WA,20090
Warner Pacific College,Far West AK CA HI NV OR WA,19770
Marylhurst University,Far West AK CA HI NV OR WA,19665
Heritage University,Far West AK CA HI NV OR WA,17744
Remington College-Honolulu Campus,Far West AK CA HI NV OR WA,16950
Alliant International University,Far West AK CA HI NV OR WA,15816
City University of Seattle,Far West AK CA HI NV OR WA,14880
Golden Gate University-San Francisco,Far West AK CA HI NV OR WA,14400
University of California-Davis,Far West AK CA HI NV OR WA,13895
University of California-Santa Barbara,Far West AK CA HI NV OR WA,13746
University of California-Santa Cruz,Far West AK CA HI NV OR WA,13397
University of California-San Diego,Far West AK CA HI NV OR WA,13271
University of California-Irvine,Far West AK CA HI NV OR WA,13149
University of California-Riverside,Far West AK CA HI NV OR WA,12960
University of California-Berkeley,Far West AK CA HI NV OR WA,12864
University of California-Los Angeles,Far West AK CA HI NV OR WA,12697
University of Washington-Seattle Campus,Far West AK CA HI NV OR WA,12397
Washington State University,Far West AK CA HI NV OR WA,12327
National University,Far West AK CA HI NV OR WA,12096
University of Washington-Bothell Campus,Far West AK CA HI NV OR WA,11911
University of Washington-Tacoma Campus,Far West AK CA HI NV OR WA,11902
Humphreys College-Stockton and Modesto Campuses,Far West AK CA HI NV OR WA,11277
Lincoln University,Far West AK CA HI NV OR WA,10105
University of Hawaii at Manoa,Far West AK CA HI NV OR WA,9904
University of Oregon,Far West AK CA HI NV OR WA,9763
University of the West,Far West AK CA HI NV OR WA,9486
Central Washington University,Far West AK CA HI NV OR WA,8976
Western Washington University,Far West AK CA HI NV OR WA,8863
Brandman University,Far West AK CA HI NV OR WA,8800
California Polytechnic State University-San Luis Obispo,Far West AK CA HI NV OR WA,8724
Western Oregon University,Far West AK CA HI NV OR WA,8634
The Evergreen State College,Far West AK CA HI NV OR WA,8574
Oregon Institute of Technology,Far West AK CA HI NV OR WA,8548
Oregon State University,Far West AK CA HI NV OR WA,8322
Eastern Washington University,Far West AK CA HI NV OR WA,7961
Portland State University,Far West AK CA HI NV OR WA,7878
Eastern Oregon University,Far West AK CA HI NV OR WA,7530
Southern Oregon University,Far West AK CA HI NV OR WA,7438
San Jose State University,Far West AK CA HI NV OR WA,7343
Sonoma State University,Far West AK CA HI NV OR WA,7234
Humboldt State University,Far West AK CA HI NV OR WA,7144
California State University-Chico,Far West AK CA HI NV OR WA,6972
California State University-Bakersfield,Far West AK CA HI NV OR WA,6775
San Diego State University,Far West AK CA HI NV OR WA,6766
University of Nevada-Las Vegas,Far West AK CA HI NV OR WA,6690
California State University-San Marcos,Far West AK CA HI NV OR WA,6649
California State University-Sacramento,Far West AK CA HI NV OR WA,6628
University of Nevada-Reno,Far West AK CA HI NV OR WA,6610
California State University-San Bernardino,Far West AK CA HI NV OR WA,6550
California State University-East Bay,Far West AK CA HI NV OR WA,6550
California Maritime Academy,Far West AK CA HI NV OR WA,6536
University of Hawaii at Hilo,Far West AK CA HI NV OR WA,6536
California State University-Northridge,Far West AK CA HI NV OR WA,6525
California State University-Stanislaus,Far West AK CA HI NV OR WA,6491
California State University-Channel Islands,Far West AK CA HI NV OR WA,6471
San Francisco State University,Far West AK CA HI NV OR WA,6450
California State Polytechnic University-Pomona,Far West AK CA HI NV OR WA,6350
California State University-Los Angeles,Far West AK CA HI NV OR WA,6344
University of Hawaii-West Oahu,Far West AK CA HI NV OR WA,6336
California State University-Fresno,Far West AK CA HI NV OR WA,6287
California State University-Long Beach,Far West AK CA HI NV OR WA,6240
California State University-Fullerton,Far West AK CA HI NV OR WA,6186
California State University-Dominguez Hills,Far West AK CA HI NV OR WA,6100
California State University-Monterey Bay,Far West AK CA HI NV OR WA,5963
San Diego State University-Imperial Valley Campus,Far West AK CA HI NV OR WA,5706
University of Alaska Southeast,Far West AK CA HI NV OR WA,5693
University of Alaska Anchorage,Far West AK CA HI NV OR WA,5147
University of Alaska Fairbanks,Far West AK CA HI NV OR WA,4984
Brigham Young University-Hawaii,Far West AK CA HI NV OR WA,4770
Nevada State College,Far West AK CA HI NV OR WA,4482
Great Basin College,Far West AK CA HI NV OR WA,2700
University of Chicago,Great Lakes IL IN MI OH WI,47514
Oberlin College,Great Lakes IL IN MI OH WI,46870
Kenyon College,Great Lakes IL IN MI OH WI,45640
Northwestern University,Great Lakes IL IN MI OH WI,45527
University of Notre Dame,Great Lakes IL IN MI OH WI,44605
Denison University,Great Lakes IL IN MI OH WI,43910
Case Western Reserve University,Great Lakes IL IN MI OH WI,41800
The College of Wooster,Great Lakes IL IN MI OH WI,41680
Earlham College,Great Lakes IL IN MI OH WI,41450
Beloit College,Great Lakes IL IN MI OH WI,41250
Lawrence University,Great Lakes IL IN MI OH WI,41226
DePauw University,Great Lakes IL IN MI OH WI,40640
Ohio Wesleyan University,Great Lakes IL IN MI OH WI,40510
Illinois Institute of Technology,Great Lakes IL IN MI OH WI,40117
Lake Forest College,Great Lakes IL IN MI OH WI,39842
Kalamazoo College,Great Lakes IL IN MI OH WI,39450
Illinois Wesleyan University,Great Lakes IL IN MI OH WI,39316
Knox College,Great Lakes IL IN MI OH WI,38952
Wittenberg University,Great Lakes IL IN MI OH WI,38030
Ohio Northern University,Great Lakes IL IN MI OH WI,36720
Albion College,Great Lakes IL IN MI OH WI,36051
University of Detroit Mercy,Great Lakes IL IN MI OH WI,35920
Augustana College,Great Lakes IL IN MI OH WI,35835
University of Dayton,Great Lakes IL IN MI OH WI,35800
Wabash College,Great Lakes IL IN MI OH WI,35650
Kettering University,Great Lakes IL IN MI OH WI,35600
Loyola University Chicago,Great Lakes IL IN MI OH WI,35573
Carthage College,Great Lakes IL IN MI OH WI,34850
Marquette University,Great Lakes IL IN MI OH WI,34640
Saint Mary's College,Great Lakes IL IN MI OH WI,34600
John Carroll University,Great Lakes IL IN MI OH WI,34480
Milwaukee School of Engineering,Great Lakes IL IN MI OH WI,34470
Butler University,Great Lakes IL IN MI OH WI,34368
DePaul University,Great Lakes IL IN MI OH WI,33990
Valparaiso University,Great Lakes IL IN MI OH WI,33480
Xavier University,Great Lakes IL IN MI OH WI,33000
Elmhurst College,Great Lakes IL IN MI OH WI,32920
Alma College,Great Lakes IL IN MI OH WI,32660
North Central College,Great Lakes IL IN MI OH WI,32613
Capital University,Great Lakes IL IN MI OH WI,31990
Marietta College,Great Lakes IL IN MI OH WI,31940
Saint Norbert College,Great Lakes IL IN MI OH WI,31866
Hanover College,Great Lakes IL IN MI OH WI,31760
Ripon College,Great Lakes IL IN MI OH WI,31604
Shimer College,Great Lakes IL IN MI OH WI,31527
Monmouth College,Great Lakes IL IN MI OH WI,31500
Otterbein University,Great Lakes IL IN MI OH WI,31424
Wheaton College,Great Lakes IL IN MI OH WI,30880
Adrian College,Great Lakes IL IN MI OH WI,30758
University of Evansville,Great Lakes IL IN MI OH WI,30596
Hiram College,Great Lakes IL IN MI OH WI,30290
Northland College,Great Lakes IL IN MI OH WI,29990
Olivet Nazarene University,Great Lakes IL IN MI OH WI,29890
Ashland University,Great Lakes IL IN MI OH WI,29836
The University of Findlay,Great Lakes IL IN MI OH WI,29798
Bradley University,Great Lakes IL IN MI OH WI,29664
Saint Xavier University,Great Lakes IL IN MI OH WI,28970
Lawrence Technological University,Great Lakes IL IN MI OH WI,28948
Ohio Dominican University,Great Lakes IL IN MI OH WI,28932
Trine University,Great Lakes IL IN MI OH WI,28850
Dominican University,Great Lakes IL IN MI OH WI,28810
Taylor University,Great Lakes IL IN MI OH WI,28753
Hope College,Great Lakes IL IN MI OH WI,28720
Defiance College,Great Lakes IL IN MI OH WI,28690
Millikin University,Great Lakes IL IN MI OH WI,28644
Bluffton University,Great Lakes IL IN MI OH WI,28504
Goshen College,Great Lakes IL IN MI OH WI,28500
Marian University,Great Lakes IL IN MI OH WI,28400
Calvin College,Great Lakes IL IN MI OH WI,28250
Wilmington College,Great Lakes IL IN MI OH WI,28190
University of St Francis,Great Lakes IL IN MI OH WI,27970
Manchester University,Great Lakes IL IN MI OH WI,27920
Baldwin Wallace University,Great Lakes IL IN MI OH WI,27840
Illinois College,Great Lakes IL IN MI OH WI,27800
Carroll University,Great Lakes IL IN MI OH WI,27724
Franklin College,Great Lakes IL IN MI OH WI,27695
Saint Mary-of-the-Woods College,Great Lakes IL IN MI OH WI,27672
Concordia University-Chicago,Great Lakes IL IN MI OH WI,27598
Judson University,Great Lakes IL IN MI OH WI,27530
University of Mount Union,Great Lakes IL IN MI OH WI,27380
Lake Erie College,Great Lakes IL IN MI OH WI,27368
Saint Josephs College,Great Lakes IL IN MI OH WI,27350
Trinity International University-Illinois,Great Lakes IL IN MI OH WI,26830
Lewis University,Great Lakes IL IN MI OH WI,26780
Ursuline College,Great Lakes IL IN MI OH WI,26720
Rockford University,Great Lakes IL IN MI OH WI,26710
Roosevelt University,Great Lakes IL IN MI OH WI,26500
Aquinas College,Great Lakes IL IN MI OH WI,26460
Cedarville University,Great Lakes IL IN MI OH WI,26420
Notre Dame College,Great Lakes IL IN MI OH WI,26344
Anderson University,Great Lakes IL IN MI OH WI,26280
Heidelberg University,Great Lakes IL IN MI OH WI,26180
McKendree University,Great Lakes IL IN MI OH WI,26050
Walsh University,Great Lakes IL IN MI OH WI,25840
Quincy University,Great Lakes IL IN MI OH WI,25834
College of Mount St Joseph,Great Lakes IL IN MI OH WI,25800
Malone University,Great Lakes IL IN MI OH WI,25678
Benedictine University,Great Lakes IL IN MI OH WI,25516
Andrews University,Great Lakes IL IN MI OH WI,25470
Holy Cross College,Great Lakes IL IN MI OH WI,25450
Cardinal Stritch University,Great Lakes IL IN MI OH WI,25450
University of Saint Francis-Fort Wayne,Great Lakes IL IN MI OH WI,25180
Concordia University-Wisconsin,Great Lakes IL IN MI OH WI,25160
Mount Mary University,Great Lakes IL IN MI OH WI,25098
Bethel College-Indiana,Great Lakes IL IN MI OH WI,24970
Wisconsin Lutheran College,Great Lakes IL IN MI OH WI,24770
Edgewood College,Great Lakes IL IN MI OH WI,24666
University of Indianapolis,Great Lakes IL IN MI OH WI,24660
Marian University,Great Lakes IL IN MI OH WI,24650
Trinity Christian College,Great Lakes IL IN MI OH WI,24435
Cornerstone University,Great Lakes IL IN MI OH WI,24168
Huntington University,Great Lakes IL IN MI OH WI,24040
Grace College and Theological Seminary,Great Lakes IL IN MI OH WI,23970
Mount Vernon Nazarene University,Great Lakes IL IN MI OH WI,23690
Muskingum University,Great Lakes IL IN MI OH WI,23662
Indiana Wesleyan University,Great Lakes IL IN MI OH WI,23628
Greenville College,Great Lakes IL IN MI OH WI,23612
Concordia University-Ann Arbor,Great Lakes IL IN MI OH WI,23563
Spring Arbor University,Great Lakes IL IN MI OH WI,23400
North Park University,Great Lakes IL IN MI OH WI,23350
Viterbo University,Great Lakes IL IN MI OH WI,23330
Alverno College,Great Lakes IL IN MI OH WI,23231
Silver Lake College of the Holy Family,Great Lakes IL IN MI OH WI,23180
Franciscan University of Steubenville,Great Lakes IL IN MI OH WI,23160
Olivet College,Great Lakes IL IN MI OH WI,23021
Lakeland College,Great Lakes IL IN MI OH WI,22950
Robert Morris University Illinois,Great Lakes IL IN MI OH WI,22800
Columbia College-Chicago,Great Lakes IL IN MI OH WI,22792
MacMurray College,Great Lakes IL IN MI OH WI,22400
Siena Heights University,Great Lakes IL IN MI OH WI,21890
Urbana University,Great Lakes IL IN MI OH WI,21566
University of Rio Grande,Great Lakes IL IN MI OH WI,20780
Aurora University,Great Lakes IL IN MI OH WI,20720
Tiffin University,Great Lakes IL IN MI OH WI,20700
Finlandia University,Great Lakes IL IN MI OH WI,20480
Eureka College,Great Lakes IL IN MI OH WI,20060
Rochester College,Great Lakes IL IN MI OH WI,19920
Marygrove College,Great Lakes IL IN MI OH WI,19850
Oakland City University,Great Lakes IL IN MI OH WI,19200
East-West University,Great Lakes IL IN MI OH WI,18795
Blackburn College,Great Lakes IL IN MI OH WI,18506
Kuyper College,Great Lakes IL IN MI OH WI,18454
Ohio Christian University,Great Lakes IL IN MI OH WI,17720
Lourdes University,Great Lakes IL IN MI OH WI,17655
Lincoln College,Great Lakes IL IN MI OH WI,17500
Madonna University,Great Lakes IL IN MI OH WI,16340
National Louis University,Great Lakes IL IN MI OH WI,15915
Calumet College of Saint Joseph,Great Lakes IL IN MI OH WI,15620
Wilberforce University,Great Lakes IL IN MI OH WI,15140
University of Illinois at Urbana-Champaign,Great Lakes IL IN MI OH WI,14750
Davenport University,Great Lakes IL IN MI OH WI,14096
Miami University-Oxford,Great Lakes IL IN MI OH WI,13800
Michigan Technological University,Great Lakes IL IN MI OH WI,13728
University of Illinois at Chicago,Great Lakes IL IN MI OH WI,13410
Northland International University,Great Lakes IL IN MI OH WI,13380
University of Michigan-Ann Arbor,Great Lakes IL IN MI OH WI,13142
Maranatha Baptist University,Great Lakes IL IN MI OH WI,13120
Illinois State University,Great Lakes IL IN MI OH WI,13010
Northern Illinois University,Great Lakes IL IN MI OH WI,12976
Michigan State University,Great Lakes IL IN MI OH WI,12862
Grace Bible College,Great Lakes IL IN MI OH WI,12235
Southern Illinois University-Carbondale,Great Lakes IL IN MI OH WI,12093
Martin University,Great Lakes IL IN MI OH WI,11960
Union Institute & University,Great Lakes IL IN MI OH WI,11904
Western Illinois University,Great Lakes IL IN MI OH WI,11767
Central Michigan University,Great Lakes IL IN MI OH WI,11220
Eastern Illinois University,Great Lakes IL IN MI OH WI,11144
Wayne State University,Great Lakes IL IN MI OH WI,11094
Baker College Center for Graduate Studies,Great Lakes IL IN MI OH WI,10800
University of Cincinnati-Main Campus,Great Lakes IL IN MI OH WI,10784
Bowling Green State University-Main Campus,Great Lakes IL IN MI OH WI,10726
Grand Valley State University,Great Lakes IL IN MI OH WI,10716
Michigan Jewish Institute,Great Lakes IL IN MI OH WI,10700
University of Michigan-Dearborn,Great Lakes IL IN MI OH WI,10614
Oakland University,Great Lakes IL IN MI OH WI,10613
Ferris State University,Great Lakes IL IN MI OH WI,10466
Ohio University-Main Campus,Great Lakes IL IN MI OH WI,10446
University of Wisconsin-Madison,Great Lakes IL IN MI OH WI,10403
Western Michigan University,Great Lakes IL IN MI OH WI,10355
Indiana University-Bloomington,Great Lakes IL IN MI OH WI,10209
University of Akron Main Campus,Great Lakes IL IN MI OH WI,10054
Ohio State University-Main Campus,Great Lakes IL IN MI OH WI,10037
Purdue University-Main Campus,Great Lakes IL IN MI OH WI,9992
Lake Superior State University,Great Lakes IL IN MI OH WI,9960
Trine University-Regional/Non-Traditional Campuses,Great Lakes IL IN MI OH WI,9840
Kent State University at Kent,Great Lakes IL IN MI OH WI,9816
Southern Illinois University-Edwardsville,Great Lakes IL IN MI OH WI,9666
Cleveland State University,Great Lakes IL IN MI OH WI,9499
Eastern Michigan University,Great Lakes IL IN MI OH WI,9364
University of Michigan-Flint,Great Lakes IL IN MI OH WI,9356
University of Wisconsin-Milwaukee,Great Lakes IL IN MI OH WI,9300
University of Toledo,Great Lakes IL IN MI OH WI,9275
University of Illinois at Springfield,Great Lakes IL IN MI OH WI,9178
Ball State University,Great Lakes IL IN MI OH WI,9160
Northern Michigan University,Great Lakes IL IN MI OH WI,9037
Chicago State University,Great Lakes IL IN MI OH WI,9032
University of Wisconsin-Stout,Great Lakes IL IN MI OH WI,8968
University of Wisconsin-La Crosse,Great Lakes IL IN MI OH WI,8769
Indiana University-Purdue University-Indianapolis,Great Lakes IL IN MI OH WI,8756
University of Wisconsin-Eau Claire,Great Lakes IL IN MI OH WI,8710
Wright State University-Main Campus,Great Lakes IL IN MI OH WI,8542
Northeastern Illinois University,Great Lakes IL IN MI OH WI,8460
Saginaw Valley State University,Great Lakes IL IN MI OH WI,8423
Indiana State University,Great Lakes IL IN MI OH WI,8256
Youngstown State University,Great Lakes IL IN MI OH WI,8129
Baker College of Owosso,Great Lakes IL IN MI OH WI,8100
Baker College of Flint,Great Lakes IL IN MI OH WI,8100
Baker College of Muskegon,Great Lakes IL IN MI OH WI,8100
Baker College of Port Huron,Great Lakes IL IN MI OH WI,8100
Baker College of Auburn Hills,Great Lakes IL IN MI OH WI,8100
Baker College of Clinton Township,Great Lakes IL IN MI OH WI,8100
Baker College of Cadillac,Great Lakes IL IN MI OH WI,8100
Baker College of Jackson,Great Lakes IL IN MI OH WI,8100
Baker College of Allen Park,Great Lakes IL IN MI OH WI,8100
University of Wisconsin-Superior,Great Lakes IL IN MI OH WI,7946
University of Wisconsin-River Falls,Great Lakes IL IN MI OH WI,7720
University of Wisconsin-Green Bay,Great Lakes IL IN MI OH WI,7676
University of Wisconsin-Whitewater,Great Lakes IL IN MI OH WI,7578
University of Wisconsin-Stevens Point,Great Lakes IL IN MI OH WI,7577
University of Wisconsin-Platteville,Great Lakes IL IN MI OH WI,7484
University of Wisconsin-Oshkosh,Great Lakes IL IN MI OH WI,7401
University of Wisconsin-Parkside,Great Lakes IL IN MI OH WI,7316
Purdue University-North Central Campus,Great Lakes IL IN MI OH WI,7186
Shawnee State University,Great Lakes IL IN MI OH WI,7177
Ohio State University-Lima Campus,Great Lakes IL IN MI OH WI,7140
Ohio State University-Mansfield Campus,Great Lakes IL IN MI OH WI,7140
Ohio State University-Marion Campus,Great Lakes IL IN MI OH WI,7140
Ohio State University-Newark Campus,Great Lakes IL IN MI OH WI,7140
Indiana University-Purdue University-Fort Wayne,Great Lakes IL IN MI OH WI,7013
Indiana University-South Bend,Great Lakes IL IN MI OH WI,6816
Indiana University-Northwest,Great Lakes IL IN MI OH WI,6739
Indiana University-Southeast,Great Lakes IL IN MI OH WI,6700
University of Southern Indiana,Great Lakes IL IN MI OH WI,6698
Indiana University-Kokomo,Great Lakes IL IN MI OH WI,6675
Indiana University-East,Great Lakes IL IN MI OH WI,6639
Purdue University-Calumet Campus,Great Lakes IL IN MI OH WI,6624
Central State University,Great Lakes IL IN MI OH WI,6058
Kent State University at Salem,Great Lakes IL IN MI OH WI,5554
Columbia University in the City of New York,Mid East DE DC MD NJ NY PA,49138
Sarah Lawrence College,Mid East DE DC MD NJ NY PA,48696
Vassar College,Mid East DE DC MD NJ NY PA,47890
Carnegie Mellon University,Mid East DE DC MD NJ NY PA,47642
George Washington University,Mid East DE DC MD NJ NY PA,47343
Bucknell University,Mid East DE DC MD NJ NY PA,46902
Union College,Mid East DE DC MD NJ NY PA,46785
Colgate University,Mid East DE DC MD NJ NY PA,46380
Bard College,Mid East DE DC MD NJ NY PA,46370
St John's College,Mid East DE DC MD NJ NY PA,46296
Franklin and Marshall College,Mid East DE DC MD NJ NY PA,46285
Rensselaer Polytechnic Institute,Mid East DE DC MD NJ NY PA,46269
Hobart William Smith Colleges,Mid East DE DC MD NJ NY PA,46165
Dickinson College,Mid East DE DC MD NJ NY PA,46094
Hamilton College,Mid East DE DC MD NJ NY PA,46080
St Lawrence University,Mid East DE DC MD NJ NY PA,46040
University of Pennsylvania,Mid East DE DC MD NJ NY PA,45890
Skidmore College,Mid East DE DC MD NJ NY PA,45874
Gettysburg College,Mid East DE DC MD NJ NY PA,45870
Johns Hopkins University,Mid East DE DC MD NJ NY PA,45470
Haverford College,Mid East DE DC MD NJ NY PA,45426
University of Rochester,Mid East DE DC MD NJ NY PA,45372
Cornell University,Mid East DE DC MD NJ NY PA,45358
New York University,Mid East DE DC MD NJ NY PA,44848
Georgetown University,Mid East DE DC MD NJ NY PA,44805
Barnard College,Mid East DE DC MD NJ NY PA,44790
Swarthmore College,Mid East DE DC MD NJ NY PA,44718
Lafayette College,Mid East DE DC MD NJ NY PA,44670
Ursinus College,Mid East DE DC MD NJ NY PA,44530
Stevens Institute of Technology,Mid East DE DC MD NJ NY PA,44490
Villanova University,Mid East DE DC MD NJ NY PA,44430
Drew University,Mid East DE DC MD NJ NY PA,44068
Fordham University,Mid East DE DC MD NJ NY PA,43902
Bryn Mawr College,Mid East DE DC MD NJ NY PA,43900
Lehigh University,Mid East DE DC MD NJ NY PA,43520
Loyola University Maryland,Mid East DE DC MD NJ NY PA,43250
Muhlenberg College,Mid East DE DC MD NJ NY PA,42755
Cooper Union for the Advancement of Science and Art,Mid East DE DC MD NJ NY PA,41400
Polytechnic Institute of New York University,Mid East DE DC MD NJ NY PA,41328
Washington College,Mid East DE DC MD NJ NY PA,41120
American University,Mid East DE DC MD NJ NY PA,40649
Clarkson University,Mid East DE DC MD NJ NY PA,40540
Syracuse University,Mid East DE DC MD NJ NY PA,40458
The New School,Mid East DE DC MD NJ NY PA,40426
Princeton University,Mid East DE DC MD NJ NY PA,40170
Washington & Jefferson College,Mid East DE DC MD NJ NY PA,39710
Wagner College,Mid East DE DC MD NJ NY PA,39220
Allegheny College,Mid East DE DC MD NJ NY PA,39100
Goucher College,Mid East DE DC MD NJ NY PA,39084
Saint Joseph's University,Mid East DE DC MD NJ NY PA,39040
Hartwick College,Mid East DE DC MD NJ NY PA,38930
Susquehanna University,Mid East DE DC MD NJ NY PA,38780
University of Scranton,Mid East DE DC MD NJ NY PA,38754
Catholic University of America,Mid East DE DC MD NJ NY PA,38526
Ithaca College,Mid East DE DC MD NJ NY PA,38400
Elizabethtown College,Mid East DE DC MD NJ NY PA,38200
La Salle University,Mid East DE DC MD NJ NY PA,38200
Elmira College,Mid East DE DC MD NJ NY PA,38150
Pace University-New York,Mid East DE DC MD NJ NY PA,38069
Widener University-Main Campus,Mid East DE DC MD NJ NY PA,38028
Yeshiva University,Mid East DE DC MD NJ NY PA,37600
Drexel University,Mid East DE DC MD NJ NY PA,37505
Hofstra University,Mid East DE DC MD NJ NY PA,37400
Fairleigh Dickinson University-College at Florham,Mid East DE DC MD NJ NY PA,37348
St John's University-New York,Mid East DE DC MD NJ NY PA,37260
Juniata College,Mid East DE DC MD NJ NY PA,37170
McDaniel College,Mid East DE DC MD NJ NY PA,36960
Arcadia University,Mid East DE DC MD NJ NY PA,36810
Albright College,Mid East DE DC MD NJ NY PA,36660
Wells College,Mid East DE DC MD NJ NY PA,35900
Seton Hall University,Mid East DE DC MD NJ NY PA,35820
Manhattan College,Mid East DE DC MD NJ NY PA,35725
Lebanon Valley College,Mid East DE DC MD NJ NY PA,35700
Moravian College,Mid East DE DC MD NJ NY PA,35518
Manhattanville College,Mid East DE DC MD NJ NY PA,35370
Rider University,Mid East DE DC MD NJ NY PA,35270
Fairleigh Dickinson University-Metropolitan Campus,Mid East DE DC MD NJ NY PA,34882
Mount St Mary's University,Mid East DE DC MD NJ NY PA,34644
Rochester Institute of Technology,Mid East DE DC MD NJ NY PA,34424
LIU Brooklyn,Mid East DE DC MD NJ NY PA,34120
LIU Post,Mid East DE DC MD NJ NY PA,34070
Lycoming College,Mid East DE DC MD NJ NY PA,33746
Philadelphia University,Mid East DE DC MD NJ NY PA,33690
Canisius College,Mid East DE DC MD NJ NY PA,33332
Utica College,Mid East DE DC MD NJ NY PA,33320
Hood College,Mid East DE DC MD NJ NY PA,33280
Cedar Crest College,Mid East DE DC MD NJ NY PA,33000
Delaware Valley College,Mid East DE DC MD NJ NY PA,32890
Iona College,Mid East DE DC MD NJ NY PA,32770
Chatham University,Mid East DE DC MD NJ NY PA,32454
Westminster College,Mid East DE DC MD NJ NY PA,32445
Saint Peter's University,Mid East DE DC MD NJ NY PA,32284
Notre Dame of Maryland University,Mid East DE DC MD NJ NY PA,32050
Duquesne University,Mid East DE DC MD NJ NY PA,31385
Siena College,Mid East DE DC MD NJ NY PA,31368
The Kingâ€™s College,Mid East DE DC MD NJ NY PA,31300
Marist College,Mid East DE DC MD NJ NY PA,31290
The College of New Rochelle,Mid East DE DC MD NJ NY PA,31260
DeSales University,Mid East DE DC MD NJ NY PA,31250
Chestnut Hill College,Mid East DE DC MD NJ NY PA,31170
College of Saint Elizabeth,Mid East DE DC MD NJ NY PA,31095
Monmouth University,Mid East DE DC MD NJ NY PA,31018
Rosemont College,Mid East DE DC MD NJ NY PA,30950
Adelphi University,Mid East DE DC MD NJ NY PA,30800
New York Institute of Technology,Mid East DE DC MD NJ NY PA,30780
Immaculata University,Mid East DE DC MD NJ NY PA,30740
Marywood University,Mid East DE DC MD NJ NY PA,30690
Centenary College,Mid East DE DC MD NJ NY PA,30540
Messiah College,Mid East DE DC MD NJ NY PA,30470
Le Moyne College,Mid East DE DC MD NJ NY PA,30460
Saint Vincent College,Mid East DE DC MD NJ NY PA,30350
Wilkes University,Mid East DE DC MD NJ NY PA,30350
King's College,Mid East DE DC MD NJ NY PA,30310
Mercyhurst University,Mid East DE DC MD NJ NY PA,30300
Seton Hill University,Mid East DE DC MD NJ NY PA,30300
College of Mount Saint Vincent,Mid East DE DC MD NJ NY PA,30290
Saint Francis University,Mid East DE DC MD NJ NY PA,29992
Felician College,Mid East DE DC MD NJ NY PA,29990
Nazareth College,Mid East DE DC MD NJ NY PA,29624
Georgian Court University,Mid East DE DC MD NJ NY PA,29606
St Bonaventure University,Mid East DE DC MD NJ NY PA,29589
Gwynedd Mercy University,Mid East DE DC MD NJ NY PA,29450
Cazenovia College,Mid East DE DC MD NJ NY PA,29410
Wilson College,Mid East DE DC MD NJ NY PA,29370
Alvernia University,Mid East DE DC MD NJ NY PA,29060
Caldwell College,Mid East DE DC MD NJ NY PA,29000
Cabrini College,Mid East DE DC MD NJ NY PA,29000
Saint John Fisher College,Mid East DE DC MD NJ NY PA,28430
Dowling College,Mid East DE DC MD NJ NY PA,28390
Misericordia University,Mid East DE DC MD NJ NY PA,28210
Niagara University,Mid East DE DC MD NJ NY PA,28200
Concordia College-New York,Mid East DE DC MD NJ NY PA,28095
Eastern University,Mid East DE DC MD NJ NY PA,28090
The Sage Colleges,Mid East DE DC MD NJ NY PA,28000
Houghton College,Mid East DE DC MD NJ NY PA,27728
The College of Saint Rose,Mid East DE DC MD NJ NY PA,27684
Gannon University,Mid East DE DC MD NJ NY PA,27546
Keuka College,Mid East DE DC MD NJ NY PA,27465
Roberts Wesleyan College,Mid East DE DC MD NJ NY PA,27364
Holy Family University,Mid East DE DC MD NJ NY PA,27100
Stevenson University,Mid East DE DC MD NJ NY PA,27082
Thiel College,Mid East DE DC MD NJ NY PA,26802
Marymount Manhattan College,Mid East DE DC MD NJ NY PA,26640
St Thomas Aquinas College,Mid East DE DC MD NJ NY PA,26340
Mount Saint Mary College,Mid East DE DC MD NJ NY PA,26250
Point Park University,Mid East DE DC MD NJ NY PA,26170
Bloomfield College,Mid East DE DC MD NJ NY PA,25880
Molloy College,Mid East DE DC MD NJ NY PA,25710
Alfred University,Mid East DE DC MD NJ NY PA,25430
Carlow University,Mid East DE DC MD NJ NY PA,25416
Paul Smiths College of Arts and Science,Mid East DE DC MD NJ NY PA,25261
Geneva College,Mid East DE DC MD NJ NY PA,25220
Robert Morris University,Mid East DE DC MD NJ NY PA,25114
Neumann University,Mid East DE DC MD NJ NY PA,24948
Dominican College of Blauvelt,Mid East DE DC MD NJ NY PA,24790
La Roche College,Mid East DE DC MD NJ NY PA,24778
Daemen College,Mid East DE DC MD NJ NY PA,24090
Harrisburg University of Science and Technology,Mid East DE DC MD NJ NY PA,23900
Medaille College,Mid East DE DC MD NJ NY PA,23812
Wesley College,Mid East DE DC MD NJ NY PA,23590
Nyack College,Mid East DE DC MD NJ NY PA,23250
D'Youville College,Mid East DE DC MD NJ NY PA,22850
Howard University,Mid East DE DC MD NJ NY PA,22683
Cairn University-Langhorne,Mid East DE DC MD NJ NY PA,22455
Saint Joseph's College-New York,Mid East DE DC MD NJ NY PA,21878
Trinity Washington University,Mid East DE DC MD NJ NY PA,21630
Keystone College,Mid East DE DC MD NJ NY PA,21300
Washington Adventist University,Mid East DE DC MD NJ NY PA,21020
St Francis College,Mid East DE DC MD NJ NY PA,20700
Waynesburg University,Mid East DE DC MD NJ NY PA,20540
Vaughn College of Aeronautics and Technology,Mid East DE DC MD NJ NY PA,20450
Mount Aloysius College,Mid East DE DC MD NJ NY PA,20268
Hilbert College,Mid East DE DC MD NJ NY PA,19940
Valley Forge Christian College,Mid East DE DC MD NJ NY PA,19394
Bryn Athyn College of the New Church,Mid East DE DC MD NJ NY PA,17724
Mercy College,Mid East DE DC MD NJ NY PA,17576
Metropolitan College of New York,Mid East DE DC MD NJ NY PA,17530
University of Pittsburgh-Pittsburgh Campus,Mid East DE DC MD NJ NY PA,17100
Peirce College,Mid East DE DC MD NJ NY PA,17040
York College Pennsylvania,Mid East DE DC MD NJ NY PA,17010
Pennsylvania State University-Main Campus,Mid East DE DC MD NJ NY PA,16992
Touro College,Mid East DE DC MD NJ NY PA,15250
New Jersey Institute of Technology,Mid East DE DC MD NJ NY PA,15218
Pennsylvania College of Technology,Mid East DE DC MD NJ NY PA,14940
St Mary's College of Maryland,Mid East DE DC MD NJ NY PA,14864
The College of New Jersey,Mid East DE DC MD NJ NY PA,14730
Pennsylvania State University-Penn State Erie-Behrend College,Mid East DE DC MD NJ NY PA,14240
Pennsylvania State University-Penn State Altoona,Mid East DE DC MD NJ NY PA,14240
Pennsylvania State University-Penn State Berks,Mid East DE DC MD NJ NY PA,14240
Pennsylvania State University-Penn State Harrisburg,Mid East DE DC MD NJ NY PA,14240
Temple University,Mid East DE DC MD NJ NY PA,14096
Gallaudet University,Mid East DE DC MD NJ NY PA,13800
Pennsylvania State University-Penn State Brandywine,Mid East DE DC MD NJ NY PA,13608
Pennsylvania State University-Penn State Abington,Mid East DE DC MD NJ NY PA,13608
Pennsylvania State University-Penn State Lehigh Valley,Mid East DE DC MD NJ NY PA,13602
Pennsylvania State University-Penn State York,Mid East DE DC MD NJ NY PA,13602
Pennsylvania State University-Penn State Hazleton,Mid East DE DC MD NJ NY PA,13550
Pennsylvania State University-Penn State Schuylkill,Mid East DE DC MD NJ NY PA,13550
Rutgers University-New Brunswick,Mid East DE DC MD NJ NY PA,13499
Pennsylvania State University-Penn State Worthington Scranton,Mid East DE DC MD NJ NY PA,13486
Pennsylvania State University-Penn State Beaver,Mid East DE DC MD NJ NY PA,13470
Pennsylvania State University-Penn State Mont Alto,Mid East DE DC MD NJ NY PA,13470
Pennsylvania State University-Penn State Greater Allegheny,Mid East DE DC MD NJ NY PA,13464
Pennsylvania State University-Penn State New Kensington,Mid East DE DC MD NJ NY PA,13412
Pennsylvania State University-Penn State Fayette- Eberly,Mid East DE DC MD NJ NY PA,13412
Ramapo College of New Jersey,Mid East DE DC MD NJ NY PA,13388
Pennsylvania State University-Penn State Wilkes-Barre,Mid East DE DC MD NJ NY PA,13354
Pennsylvania State University-Penn State Dubois,Mid East DE DC MD NJ NY PA,13354
Rutgers University-Camden,Mid East DE DC MD NJ NY PA,13348
Pennsylvania State University-Penn State Shenango,Mid East DE DC MD NJ NY PA,13318
University of Pittsburgh-Johnstown,Mid East DE DC MD NJ NY PA,13130
University of Pittsburgh-Greensburg,Mid East DE DC MD NJ NY PA,13128
University of Pittsburgh-Bradford,Mid East DE DC MD NJ NY PA,13078
Rutgers University-Newark,Mid East DE DC MD NJ NY PA,12998
Rowan University,Mid East DE DC MD NJ NY PA,12380
The Richard Stockton College of New Jersey,Mid East DE DC MD NJ NY PA,12322
University of Delaware,Mid East DE DC MD NJ NY PA,12112
William Paterson University of New Jersey,Mid East DE DC MD NJ NY PA,11918
Montclair State University,Mid East DE DC MD NJ NY PA,11318
Boricua College,Mid East DE DC MD NJ NY PA,11025
Kean University,Mid East DE DC MD NJ NY PA,10918
New Jersey City University,Mid East DE DC MD NJ NY PA,10653
University of Maryland-Baltimore County,Mid East DE DC MD NJ NY PA,10068
Wilmington University,Mid East DE DC MD NJ NY PA,9950
Sojourner-Douglass College,Mid East DE DC MD NJ NY PA,9830
Lincoln University of Pennsylvania,Mid East DE DC MD NJ NY PA,9804
Shippensburg University of Pennsylvania,Mid East DE DC MD NJ NY PA,9448
Clarion University of Pennsylvania,Mid East DE DC MD NJ NY PA,9404
California University of Pennsylvania,Mid East DE DC MD NJ NY PA,9239
Mansfield University of Pennsylvania,Mid East DE DC MD NJ NY PA,9192
University of Maryland-College Park,Mid East DE DC MD NJ NY PA,9162
Indiana University of Pennsylvania-Main Campus,Mid East DE DC MD NJ NY PA,9080
Slippery Rock University of Pennsylvania,Mid East DE DC MD NJ NY PA,9027
East Stroudsburg University of Pennsylvania,Mid East DE DC MD NJ NY PA,8991
Lock Haven University,Mid East DE DC MD NJ NY PA,8899
Millersville University of Pennsylvania,Mid East DE DC MD NJ NY PA,8866
West Chester University of Pennsylvania,Mid East DE DC MD NJ NY PA,8850
Edinboro University of Pennsylvania,Mid East DE DC MD NJ NY PA,8849
Kutztown University of Pennsylvania,Mid East DE DC MD NJ NY PA,8819
Cheyney University of Pennsylvania,Mid East DE DC MD NJ NY PA,8806
Bloomsburg University of Pennsylvania,Mid East DE DC MD NJ NY PA,8582
Towson University,Mid East DE DC MD NJ NY PA,8342
University at Buffalo,Mid East DE DC MD NJ NY PA,8211
SUNY at Binghamton,Mid East DE DC MD NJ NY PA,8144
Salisbury University,Mid East DE DC MD NJ NY PA,8128
SUNY at Albany,Mid East DE DC MD NJ NY PA,8040
Stony Brook University,Mid East DE DC MD NJ NY PA,7995
University of Baltimore,Mid East DE DC MD NJ NY PA,7838
Frostburg State University,Mid East DE DC MD NJ NY PA,7728
SUNY at Purchase College,Mid East DE DC MD NJ NY PA,7573
SUNY College at Geneseo,Mid East DE DC MD NJ NY PA,7430
Morrisville State College,Mid East DE DC MD NJ NY PA,7412
SUNY at Fredonia,Mid East DE DC MD NJ NY PA,7400
Delaware State University,Mid East DE DC MD NJ NY PA,7336
SUNY College at Cortland,Mid East DE DC MD NJ NY PA,7327
SUNY College of Technology at Alfred,Mid East DE DC MD NJ NY PA,7294
SUNY Oneonta,Mid East DE DC MD NJ NY PA,7230
SUNY College at Brockport,Mid East DE DC MD NJ NY PA,7222
Morgan State University,Mid East DE DC MD NJ NY PA,7218
SUNY College of Technology at Delhi,Mid East DE DC MD NJ NY PA,7200
SUNY College of Technology at Canton,Mid East DE DC MD NJ NY PA,7181
SUNY College at Oswego,Mid East DE DC MD NJ NY PA,7181
SUNY College at Plattsburgh,Mid East DE DC MD NJ NY PA,7179
SUNY College at Potsdam,Mid East DE DC MD NJ NY PA,7174
SUNY College of Agriculture and Technology at Cobleskill,Mid East DE DC MD NJ NY PA,7149
Farmingdale State College,Mid East DE DC MD NJ NY PA,7125
SUNY Maritime College,Mid East DE DC MD NJ NY PA,7109
SUNY Institute of Technology at Utica-Rome,Mid East DE DC MD NJ NY PA,7090
State University of New York at New Paltz,Mid East DE DC MD NJ NY PA,7083
SUNY College of Environmental Science and Forestry,Mid East DE DC MD NJ NY PA,7033
Buffalo State SUNY,Mid East DE DC MD NJ NY PA,7022
University of Maryland Eastern Shore,Mid East DE DC MD NJ NY PA,6998
Bowie State University,Mid East DE DC MD NJ NY PA,6971
SUNY College at Old Westbury,Mid East DE DC MD NJ NY PA,6624
University of Maryland-University College,Mid East DE DC MD NJ NY PA,6552
SUNY Empire State College,Mid East DE DC MD NJ NY PA,6265
Coppin State University,Mid East DE DC MD NJ NY PA,6252
CUNY Bernard M Baruch College,Mid East DE DC MD NJ NY PA,6210
CUNY Queens College,Mid East DE DC MD NJ NY PA,6207
CUNY Brooklyn College,Mid East DE DC MD NJ NY PA,6184
College of Staten Island CUNY,Mid East DE DC MD NJ NY PA,6158
CUNY Hunter College,Mid East DE DC MD NJ NY PA,6129
CUNY Lehman College,Mid East DE DC MD NJ NY PA,6108
CUNY York College,Mid East DE DC MD NJ NY PA,6096
CUNY City College,Mid East DE DC MD NJ NY PA,6089
CUNY New York City College of Technology,Mid East DE DC MD NJ NY PA,6069
CUNY John Jay College of Criminal Justice,Mid East DE DC MD NJ NY PA,6059
CUNY Medgar Evers College,Mid East DE DC MD NJ NY PA,6032
Thomas Edison State College,Mid East DE DC MD NJ NY PA,5700
University of the District of Columbia,Mid East DE DC MD NJ NY PA,5138
Fashion Institute of Technology,Mid East DE DC MD NJ NY PA,5105
Trinity College,New England CT ME MA NH RI VT,47510
Wesleyan University,New England CT ME MA NH RI VT,47244
Dartmouth College,New England CT ME MA NH RI VT,46752
Bard College at Simon's Rock,New England CT ME MA NH RI VT,46713
Hampshire College,New England CT ME MA NH RI VT,46625
Williams College,New England CT ME MA NH RI VT,46600
Tufts University,New England CT ME MA NH RI VT,46598
Amherst College,New England CT ME MA NH RI VT,46574
Connecticut College,New England CT ME MA NH RI VT,46085
Brandeis University,New England CT ME MA NH RI VT,45856
Colby College,New England CT ME MA NH RI VT,45760
Bates College,New England CT ME MA NH RI VT,45650
Boston College,New England CT ME MA NH RI VT,45622
Brown University,New England CT ME MA NH RI VT,45612
Bowdoin College,New England CT ME MA NH RI VT,45446
Middlebury College,New England CT ME MA NH RI VT,45314
Bennington College,New England CT ME MA NH RI VT,45080
Wheaton College,New England CT ME MA NH RI VT,45074
Boston University,New England CT ME MA NH RI VT,44880
College of the Holy Cross,New England CT ME MA NH RI VT,44272
Yale University,New England CT ME MA NH RI VT,44000
Wellesley College,New England CT ME MA NH RI VT,43554
Massachusetts Institute of Technology,New England CT ME MA NH RI VT,43498
Providence College,New England CT ME MA NH RI VT,43245
Smith College,New England CT ME MA NH RI VT,43114
Fairfield University,New England CT ME MA NH RI VT,42920
Worcester Polytechnic Institute,New England CT ME MA NH RI VT,42778
Harvard University,New England CT ME MA NH RI VT,42292
Northeastern University,New England CT ME MA NH RI VT,41686
Mount Holyoke College,New England CT ME MA NH RI VT,41456
Bentley University,New England CT ME MA NH RI VT,41110
Clark University,New England CT ME MA NH RI VT,39550
Quinnipiac University,New England CT ME MA NH RI VT,39330
Saint Michael's College,New England CT ME MA NH RI VT,39015
College of the Atlantic,New England CT ME MA NH RI VT,38952
Marlboro College,New England CT ME MA NH RI VT,38110
Colby-Sawyer College,New England CT ME MA NH RI VT,37300
Bryant University,New England CT ME MA NH RI VT,37234
Stonehill College,New England CT ME MA NH RI VT,36160
Emerson College,New England CT ME MA NH RI VT,35730
Simmons College,New England CT ME MA NH RI VT,35380
Saint Anselm College,New England CT ME MA NH RI VT,35204
Merrimack College,New England CT ME MA NH RI VT,35085
Sacred Heart University,New England CT ME MA NH RI VT,35050
Assumption College,New England CT ME MA NH RI VT,34975
Salve Regina University,New England CT ME MA NH RI VT,34950
Curry College,New England CT ME MA NH RI VT,34715
Emmanuel College,New England CT ME MA NH RI VT,34670
University of New Haven,New England CT ME MA NH RI VT,33740
University of Saint Joseph,New England CT ME MA NH RI VT,33417
Norwich University,New England CT ME MA NH RI VT,33371
University of Hartford,New England CT ME MA NH RI VT,33358
Gordon College,New England CT ME MA NH RI VT,33230
University of New England,New England CT ME MA NH RI VT,33145
Western New England University,New England CT ME MA NH RI VT,33020
New England College,New England CT ME MA NH RI VT,33000
Springfield College,New England CT ME MA NH RI VT,32560
Lesley University,New England CT ME MA NH RI VT,32375
Nichols College,New England CT ME MA NH RI VT,32370
Green Mountain College,New England CT ME MA NH RI VT,32192
Anna Maria College,New England CT ME MA NH RI VT,32134
Wheelock College,New England CT ME MA NH RI VT,31880
Suffolk University,New England CT ME MA NH RI VT,31716
Roger Williams University,New England CT ME MA NH RI VT,31668
Becker College,New England CT ME MA NH RI VT,31500
Champlain College,New England CT ME MA NH RI VT,31350
Franklin Pierce University,New England CT ME MA NH RI VT,31000
Saint Joseph's College of Maine,New England CT ME MA NH RI VT,30990
College of Our Lady of the Elms,New England CT ME MA NH RI VT,30132
American International College,New England CT ME MA NH RI VT,30040
Lasell College,New England CT ME MA NH RI VT,30000
Bay Path College,New England CT ME MA NH RI VT,29959
Sterling College,New England CT ME MA NH RI VT,29894
Mitchell College,New England CT ME MA NH RI VT,29458
Mount Ida College,New England CT ME MA NH RI VT,29377
Wentworth Institute of Technology,New England CT ME MA NH RI VT,29200
University of Bridgeport,New England CT ME MA NH RI VT,29090
Newbury College,New England CT ME MA NH RI VT,28950
Endicott College,New England CT ME MA NH RI VT,28926
Southern New Hampshire University,New England CT ME MA NH RI VT,28884
Albertus Magnus College,New England CT ME MA NH RI VT,28378
Rivier University,New England CT ME MA NH RI VT,28055
Eastern Nazarene College,New England CT ME MA NH RI VT,27922
Fisher College,New England CT ME MA NH RI VT,27575
Johnson & Wales University-Providence,New England CT ME MA NH RI VT,27456
Unity College,New England CT ME MA NH RI VT,25000
Pine Manor College,New England CT ME MA NH RI VT,24930
Burlington College,New England CT ME MA NH RI VT,22885
Thomas College,New England CT ME MA NH RI VT,22770
Southern Vermont College,New England CT ME MA NH RI VT,22000
New England Institute of Technology,New England CT ME MA NH RI VT,21285
College of St Joseph,New England CT ME MA NH RI VT,21100
Thomas More College of Liberal Arts,New England CT ME MA NH RI VT,19800
University of New Hampshire-Main Campus,New England CT ME MA NH RI VT,16496
University of Vermont,New England CT ME MA NH RI VT,15718
Husson University,New England CT ME MA NH RI VT,15130
Goddard College,New England CT ME MA NH RI VT,14930
University of New Hampshire at Manchester,New England CT ME MA NH RI VT,13762
University of Massachusetts-Amherst,New England CT ME MA NH RI VT,13443
Cambridge College,New England CT ME MA NH RI VT,13392
Keene State College,New England CT ME MA NH RI VT,12776
Plymouth State University,New England CT ME MA NH RI VT,12610
Vermont Technical College,New England CT ME MA NH RI VT,12494
University of Rhode Island,New England CT ME MA NH RI VT,12450
University of Massachusetts-Lowell,New England CT ME MA NH RI VT,12097
University of Connecticut,New England CT ME MA NH RI VT,12022
University of Massachusetts-Boston,New England CT ME MA NH RI VT,11966
Maine Maritime Academy,New England CT ME MA NH RI VT,11950
University of Massachusetts-Dartmouth,New England CT ME MA NH RI VT,11681
University of Maine,New England CT ME MA NH RI VT,10600
Castleton State College,New England CT ME MA NH RI VT,10286
Johnson State College,New England CT ME MA NH RI VT,10286
Lyndon State College,New England CT ME MA NH RI VT,10286
Eastern Connecticut State University,New England CT ME MA NH RI VT,9376
University of Maine at Farmington,New England CT ME MA NH RI VT,9167
Southern Connecticut State University,New England CT ME MA NH RI VT,9020
Fitchburg State University,New England CT ME MA NH RI VT,8985
University of Southern Maine,New England CT ME MA NH RI VT,8920
Western Connecticut State University,New England CT ME MA NH RI VT,8893
Central Connecticut State University,New England CT ME MA NH RI VT,8706
Westfield State University,New England CT ME MA NH RI VT,8694
Massachusetts College of Liberal Arts,New England CT ME MA NH RI VT,8525
Worcester State University,New England CT ME MA NH RI VT,8157
Salem State University,New England CT ME MA NH RI VT,8130
Framingham State University,New England CT ME MA NH RI VT,8080
Bridgewater State University,New England CT ME MA NH RI VT,8053
Rhode Island College,New England CT ME MA NH RI VT,7602
University of Maine at Fort Kent,New England CT ME MA NH RI VT,7575
University of Maine at Augusta,New England CT ME MA NH RI VT,7500
University of Maine at Machias,New England CT ME MA NH RI VT,7490
University of Maine at Presque Isle,New England CT ME MA NH RI VT,7300
Massachusetts Maritime Academy,New England CT ME MA NH RI VT,7127
Granite State College,New England CT ME MA NH RI VT,7065
Carleton College,Plains IA KS MN MO NE ND SD,46167
Macalester College,Plains IA KS MN MO NE ND SD,45388
Washington University in St Louis,Plains IA KS MN MO NE ND SD,44841
Grinnell College,Plains IA KS MN MO NE ND SD,43656
St Olaf College,Plains IA KS MN MO NE ND SD,40700
Gustavus Adolphus College,Plains IA KS MN MO NE ND SD,39120
College of Saint Benedict,Plains IA KS MN MO NE ND SD,37926
Luther College,Plains IA KS MN MO NE ND SD,37530
Saint Johns University,Plains IA KS MN MO NE ND SD,37162
Saint Louis University,Plains IA KS MN MO NE ND SD,36726
Cornell College,Plains IA KS MN MO NE ND SD,36430
Coe College,Plains IA KS MN MO NE ND SD,35730
University of St Thomas,Plains IA KS MN MO NE ND SD,35308
Hamline University,Plains IA KS MN MO NE ND SD,35108
St Catherine University,Plains IA KS MN MO NE ND SD,34744
Creighton University,Plains IA KS MN MO NE ND SD,34330
Wartburg College,Plains IA KS MN MO NE ND SD,34250
Augsburg College,Plains IA KS MN MO NE ND SD,33209
Concordia College at Moorhead,Plains IA KS MN MO NE ND SD,32814
Bethel University,Plains IA KS MN MO NE ND SD,31760
The College of Saint Scholastica,Plains IA KS MN MO NE ND SD,31612
Rockhurst University,Plains IA KS MN MO NE ND SD,31290
William Jewell College,Plains IA KS MN MO NE ND SD,31000
Simpson College,Plains IA KS MN MO NE ND SD,30999
Drake University,Plains IA KS MN MO NE ND SD,30889
Central College,Plains IA KS MN MO NE ND SD,30700
Buena Vista University,Plains IA KS MN MO NE ND SD,29448
Saint Mary's University of Minnesota,Plains IA KS MN MO NE ND SD,29315
Loras College,Plains IA KS MN MO NE ND SD,28852
Augustana College,Plains IA KS MN MO NE ND SD,28630
University of Northwestern-St Paul,Plains IA KS MN MO NE ND SD,28020
Clarke University,Plains IA KS MN MO NE ND SD,28000
Stephens College,Plains IA KS MN MO NE ND SD,27954
Nebraska Wesleyan University,Plains IA KS MN MO NE ND SD,27242
Midland University,Plains IA KS MN MO NE ND SD,27146
College of Saint Mary,Plains IA KS MN MO NE ND SD,26934
Northwestern College,Plains IA KS MN MO NE ND SD,26764
Saint Ambrose University,Plains IA KS MN MO NE ND SD,26740
Briar Cliff University,Plains IA KS MN MO NE ND SD,26650
Dordt College,Plains IA KS MN MO NE ND SD,26540
Maharishi University of Management,Plains IA KS MN MO NE ND SD,26430
Mount Mercy University,Plains IA KS MN MO NE ND SD,26310
Doane College-Crete,Plains IA KS MN MO NE ND SD,26180
Morningside College,Plains IA KS MN MO NE ND SD,25990
Baker University,Plains IA KS MN MO NE ND SD,25580
Iowa Wesleyan College,Plains IA KS MN MO NE ND SD,25550
University of Dubuque,Plains IA KS MN MO NE ND SD,25520
Hastings College,Plains IA KS MN MO NE ND SD,25520
Maryville University of Saint Louis,Plains IA KS MN MO NE ND SD,25002
Avila University,Plains IA KS MN MO NE ND SD,24950
Concordia University-Nebraska,Plains IA KS MN MO NE ND SD,24750
University of Sioux Falls,Plains IA KS MN MO NE ND SD,24550
Upper Iowa University,Plains IA KS MN MO NE ND SD,24400
Bethany Lutheran College,Plains IA KS MN MO NE ND SD,24080
Ottawa University-Ottawa,Plains IA KS MN MO NE ND SD,23964
Benedictine College,Plains IA KS MN MO NE ND SD,23900
Southwestern College,Plains IA KS MN MO NE ND SD,23886
Kansas Wesleyan University,Plains IA KS MN MO NE ND SD,23800
Webster University,Plains IA KS MN MO NE ND SD,23760
Newman University,Plains IA KS MN MO NE ND SD,23650
Graceland University-Lamoni,Plains IA KS MN MO NE ND SD,23530
Bethel College-North Newton,Plains IA KS MN MO NE ND SD,23500
Friends University,Plains IA KS MN MO NE ND SD,23430
Bethany College,Plains IA KS MN MO NE ND SD,23305
Culver-Stockton College,Plains IA KS MN MO NE ND SD,23300
William Penn University,Plains IA KS MN MO NE ND SD,23210
University of Saint Mary,Plains IA KS MN MO NE ND SD,23170
Mount Marty College,Plains IA KS MN MO NE ND SD,22892
McPherson College,Plains IA KS MN MO NE ND SD,22891
Tabor College,Plains IA KS MN MO NE ND SD,22730
Dakota Wesleyan University,Plains IA KS MN MO NE ND SD,22700
Fontbonne University,Plains IA KS MN MO NE ND SD,22684
Grand View University,Plains IA KS MN MO NE ND SD,22628
Crown College,Plains IA KS MN MO NE ND SD,22430
Drury University,Plains IA KS MN MO NE ND SD,22295
MidAmerica Nazarene University,Plains IA KS MN MO NE ND SD,22290
Missouri Baptist University,Plains IA KS MN MO NE ND SD,21790
Westminster College,Plains IA KS MN MO NE ND SD,21680
Central Methodist University-College of Liberal Arts and Sciences,Plains IA KS MN MO NE ND SD,21320
Sterling College,Plains IA KS MN MO NE ND SD,21200
William Woods University,Plains IA KS MN MO NE ND SD,20650
Union College,Plains IA KS MN MO NE ND SD,20470
Evangel University,Plains IA KS MN MO NE ND SD,20040
Southwest Baptist University,Plains IA KS MN MO NE ND SD,20040
North Central University,Plains IA KS MN MO NE ND SD,19996
Concordia University-Saint Paul,Plains IA KS MN MO NE ND SD,19700
Hannibal-LaGrange University,Plains IA KS MN MO NE ND SD,18770
University of Jamestown,Plains IA KS MN MO NE ND SD,18494
College of the Ozarks,Plains IA KS MN MO NE ND SD,18330
Missouri Valley College,Plains IA KS MN MO NE ND SD,18300
Grace University,Plains IA KS MN MO NE ND SD,18256
Presentation College,Plains IA KS MN MO NE ND SD,17014
York College,Plains IA KS MN MO NE ND SD,15600
Lindenwood University,Plains IA KS MN MO NE ND SD,15150
Central Christian College of Kansas,Plains IA KS MN MO NE ND SD,14800
University of Mary,Plains IA KS MN MO NE ND SD,14730
University of Minnesota-Twin Cities,Plains IA KS MN MO NE ND SD,13555
University of Minnesota-Duluth,Plains IA KS MN MO NE ND SD,12815
University of Minnesota-Morris,Plains IA KS MN MO NE ND SD,12584
Martin Luther College,Plains IA KS MN MO NE ND SD,12300
University of Minnesota-Crookston,Plains IA KS MN MO NE ND SD,11448
Park University,Plains IA KS MN MO NE ND SD,10600
University of Kansas,Plains IA KS MN MO NE ND SD,10107
Missouri University of Science and Technology,Plains IA KS MN MO NE ND SD,9510
University of Missouri-St Louis,Plains IA KS MN MO NE ND SD,9474
University of Missouri-Kansas City,Plains IA KS MN MO NE ND SD,9456
University of Missouri-Columbia,Plains IA KS MN MO NE ND SD,9415
Doane College-Lincoln Grand Island and Master,Plains IA KS MN MO NE ND SD,9065
Winona State University,Plains IA KS MN MO NE ND SD,8730
Kansas State University,Plains IA KS MN MO NE ND SD,8585
Bemidji State University,Plains IA KS MN MO NE ND SD,8124
Southwest Minnesota State University,Plains IA KS MN MO NE ND SD,8074
University of Iowa,Plains IA KS MN MO NE ND SD,8061
University of Nebraska-Lincoln,Plains IA KS MN MO NE ND SD,8060
University of South Dakota,Plains IA KS MN MO NE ND SD,8022
Minnesota State University-Moorhead,Plains IA KS MN MO NE ND SD,7816
Iowa State University,Plains IA KS MN MO NE ND SD,7726
South Dakota State University,Plains IA KS MN MO NE ND SD,7713
University of Northern Iowa,Plains IA KS MN MO NE ND SD,7685
North Dakota State University-Main Campus,Plains IA KS MN MO NE ND SD,7660
Black Hills State University,Plains IA KS MN MO NE ND SD,7617
Northern State University,Plains IA KS MN MO NE ND SD,7563
Minnesota State University-Mankato,Plains IA KS MN MO NE ND SD,7557
Saint Cloud State University,Plains IA KS MN MO NE ND SD,7514
University of North Dakota,Plains IA KS MN MO NE ND SD,7508
Dakota State University,Plains IA KS MN MO NE ND SD,7506
Truman State University,Plains IA KS MN MO NE ND SD,7368
University of Central Missouri,Plains IA KS MN MO NE ND SD,7265
Columbia College,Plains IA KS MN MO NE ND SD,7115
Wichita State University,Plains IA KS MN MO NE ND SD,6926
Missouri State University-Springfield,Plains IA KS MN MO NE ND SD,6908
Southeast Missouri State University,Plains IA KS MN MO NE ND SD,6863
Lincoln University,Plains IA KS MN MO NE ND SD,6838
Metropolitan State University,Plains IA KS MN MO NE ND SD,6642
Donnelly College,Plains IA KS MN MO NE ND SD,6579
University of Nebraska at Omaha,Plains IA KS MN MO NE ND SD,6550
University of Nebraska at Kearney,Plains IA KS MN MO NE ND SD,6542
Valley City State University,Plains IA KS MN MO NE ND SD,6516
Missouri Western State University,Plains IA KS MN MO NE ND SD,6400
Northwest Missouri State University,Plains IA KS MN MO NE ND SD,6390
Mayville State University,Plains IA KS MN MO NE ND SD,6353
Bellevue University,Plains IA KS MN MO NE ND SD,6300
Peru State College,Plains IA KS MN MO NE ND SD,6188
Minot State University,Plains IA KS MN MO NE ND SD,6086
Pittsburg State University,Plains IA KS MN MO NE ND SD,5906
Dickinson State University,Plains IA KS MN MO NE ND SD,5846
Washburn University,Plains IA KS MN MO NE ND SD,5774
Emporia State University,Plains IA KS MN MO NE ND SD,5614
Chadron State College,Plains IA KS MN MO NE ND SD,5600
Wayne State College,Plains IA KS MN MO NE ND SD,5574
Missouri Southern State University,Plains IA KS MN MO NE ND SD,5376
Harris-Stowe State University,Plains IA KS MN MO NE ND SD,5220
Fort Hays State University,Plains IA KS MN MO NE ND SD,4358
Colorado College,Rocky Mountains CO ID MT UT WY,44222
University of Denver,Rocky Mountains CO ID MT UT WY,40707
Regis University,Rocky Mountains CO ID MT UT WY,32424
Westminster College,Rocky Mountains CO ID MT UT WY,29500
Naropa University,Rocky Mountains CO ID MT UT WY,28790
Carroll College,Rocky Mountains CO ID MT UT WY,27914
Johnson & Wales University-Denver,Rocky Mountains CO ID MT UT WY,27456
Northwest Nazarene University,Rocky Mountains CO ID MT UT WY,26550
Colorado Christian University,Rocky Mountains CO ID MT UT WY,25046
The College of Idaho,Rocky Mountains CO ID MT UT WY,24055
Rocky Mountain College,Rocky Mountains CO ID MT UT WY,23718
Stevens-Henager College-Murray,Rocky Mountains CO ID MT UT WY,21600
University of Great Falls,Rocky Mountains CO ID MT UT WY,20960
College America-Denver,Rocky Mountains CO ID MT UT WY,17211
College America-Colorado Springs,Rocky Mountains CO ID MT UT WY,17211
Stevens-Henager College of Business-Provo,Rocky Mountains CO ID MT UT WY,16972
Stevens-Henager College-Logan,Rocky Mountains CO ID MT UT WY,16795
Colorado School of Mines,Rocky Mountains CO ID MT UT WY,16485
Stevens-Henager College-Ogden,Rocky Mountains CO ID MT UT WY,16100
University of Colorado Boulder,Rocky Mountains CO ID MT UT WY,10347
Colorado State University-Fort Collins,Rocky Mountains CO ID MT UT WY,9313
University of Colorado Denver,Rocky Mountains CO ID MT UT WY,7933
University of Utah,Rocky Mountains CO ID MT UT WY,7457
Adams State University,Rocky Mountains CO ID MT UT WY,7449
Western State Colorado University,Rocky Mountains CO ID MT UT WY,7343
Colorado State University-Pueblo,Rocky Mountains CO ID MT UT WY,7327
University of Colorado Colorado Springs,Rocky Mountains CO ID MT UT WY,7024
University of Northern Colorado,Rocky Mountains CO ID MT UT WY,6968
Fort Lewis College,Rocky Mountains CO ID MT UT WY,6923
Montana State University,Rocky Mountains CO ID MT UT WY,6752
Colorado Mesa University,Rocky Mountains CO ID MT UT WY,6725
University of Idaho,Rocky Mountains CO ID MT UT WY,6524
Montana Tech of the University of Montana,Rocky Mountains CO ID MT UT WY,6464
Idaho State University,Rocky Mountains CO ID MT UT WY,6344
Boise State University,Rocky Mountains CO ID MT UT WY,6292
Western Governors University,Rocky Mountains CO ID MT UT WY,6070
The University of Montana,Rocky Mountains CO ID MT UT WY,6045
Utah State University,Rocky Mountains CO ID MT UT WY,6030
Southern Utah University,Rocky Mountains CO ID MT UT WY,5924
Lewis-Clark State College,Rocky Mountains CO ID MT UT WY,5786
Montana State University-Billings,Rocky Mountains CO ID MT UT WY,5745
Metropolitan State University of Denver,Rocky Mountains CO ID MT UT WY,5744
Montana State University-Northern,Rocky Mountains CO ID MT UT WY,5480
Utah Valley University,Rocky Mountains CO ID MT UT WY,5086
Weber State University,Rocky Mountains CO ID MT UT WY,4990
Brigham Young University-Provo,Rocky Mountains CO ID MT UT WY,4850
University of Wyoming,Rocky Mountains CO ID MT UT WY,4404
Dixie State University,Rocky Mountains CO ID MT UT WY,4291
The University of Montana-Western,Rocky Mountains CO ID MT UT WY,4141
Brigham Young University-Idaho,Rocky Mountains CO ID MT UT WY,3850
Tulane University of Louisiana,Southeast AL AR FL GA KY LA MS NC SC TN VA WV,46930
Duke University,Southeast AL AR FL GA KY LA MS NC SC TN VA WV,45376
University of Richmond,Southeast AL AR FL GA KY LA MS NC SC TN VA WV,45320
Wake Forest University,Southeast AL AR FL GA KY LA MS NC SC TN VA WV,44742
Washington and Lee University,Southeast AL AR FL GA KY LA MS NC SC TN VA WV,44507
Emory University,Southeast AL AR FL GA KY LA MS NC SC TN VA WV,44008
Furman University,Southeast AL AR FL GA KY LA MS NC SC TN VA WV,43164
Vanderbilt University,Southeast AL AR FL GA KY LA MS NC SC TN VA WV,42978
University of Miami,Southeast AL AR FL GA KY LA MS NC SC TN VA WV,42852
Davidson College,Southeast AL AR FL GA KY LA MS NC SC TN VA WV,42849
Rollins College,Southeast AL AR FL GA KY LA MS NC SC TN VA WV,41460
Rhodes College,Southeast AL AR FL GA KY LA MS NC SC TN VA WV,39794
Stetson University,Southeast AL AR FL GA KY LA MS NC SC TN VA WV,38330
Hendrix College,Southeast AL AR FL GA KY LA MS NC SC TN VA WV,37816
Eckerd College,Southeast AL AR FL GA KY LA MS NC SC TN VA WV,37362
Hampden-Sydney College,Southeast AL AR FL GA KY LA MS NC SC TN VA WV,37352
Loyola University New Orleans,Southeast AL AR FL GA KY LA MS NC SC TN VA WV,36860
Roanoke College,Southeast AL AR FL GA KY LA MS NC SC TN VA WV,36597
Florida Institute of Technology,Southeast AL AR FL GA KY LA MS NC SC TN VA WV,36020
Centre College,Southeast AL AR FL GA KY LA MS NC SC TN VA WV,36020
Sewanee-The University of the South,Southeast AL AR FL GA KY LA MS NC SC TN VA WV,35756
Wofford College,Southeast AL AR FL GA KY LA MS NC SC TN VA WV,35515
Bellarmine University,Southeast AL AR FL GA KY LA MS NC SC TN VA WV,34890
Randolph-Macon College,Southeast AL AR FL GA KY LA MS NC SC TN VA WV,34850
Agnes Scott College,Southeast AL AR FL GA KY LA MS NC SC TN VA WV,34788
Presbyterian College,Southeast AL AR FL GA KY LA MS NC SC TN VA WV,33650
Sweet Briar College,Southeast AL AR FL GA KY LA MS NC SC TN VA WV,33605
Lynn University,Southeast AL AR FL GA KY LA MS NC SC TN VA WV,33600
Lynchburg College,Southeast AL AR FL GA KY LA MS NC SC TN VA WV,33565
Hollins University,Southeast AL AR FL GA KY LA MS NC SC TN VA WV,33320
Mercer University,Southeast AL AR FL GA KY LA MS NC SC TN VA WV,33120
Randolph College,Southeast AL AR FL GA KY LA MS NC SC TN VA WV,32850
Millsaps College,Southeast AL AR FL GA KY LA MS NC SC TN VA WV,32520
Virginia Wesleyan College,Southeast AL AR FL GA KY LA MS NC SC TN VA WV,32482
Guilford College,Southeast AL AR FL GA KY LA MS NC SC TN VA WV,32470
Georgetown College,Southeast AL AR FL GA KY LA MS NC SC TN VA WV,32310
Erskine College,Southeast AL AR FL GA KY LA MS NC SC TN VA WV,31580
Transylvania University,Southeast AL AR FL GA KY LA MS NC SC TN VA WV,31560
Beacon College,Southeast AL AR FL GA KY LA MS NC SC TN VA WV,31496
Embry-Riddle Aeronautical University-Daytona Beach,Southeast AL AR FL GA KY LA MS NC SC TN VA WV,31334
Oglethorpe University,Southeast AL AR FL GA KY LA MS NC SC TN VA WV,31280
Maryville College,Southeast AL AR FL GA KY LA MS NC SC TN VA WV,31132
Spring Hill College,Southeast AL AR FL GA KY LA MS NC SC TN VA WV,30924
Centenary College of Louisiana,Southeast AL AR FL GA KY LA MS NC SC TN VA WV,30740
High Point University,Southeast AL AR FL GA KY LA MS NC SC TN VA WV,30715
Birmingham Southern College,Southeast AL AR FL GA KY LA MS NC SC TN VA WV,30690
Meredith College,Southeast AL AR FL GA KY LA MS NC SC TN VA WV,30562
Elon University,Southeast AL AR FL GA KY LA MS NC SC TN VA WV,30149
Shenandoah University,Southeast AL AR FL GA KY LA MS NC SC TN VA WV,29934
Jacksonville University,Southeast AL AR FL GA KY LA MS NC SC TN VA WV,29900
Queens University of Charlotte,Southeast AL AR FL GA KY LA MS NC SC TN VA WV,29800
Warren Wilson College,Southeast AL AR FL GA KY LA MS NC SC TN VA WV,29540
Eastern Mennonite University,Southeast AL AR FL GA KY LA MS NC SC TN VA WV,29350
Lenoir-Rhyne University,Southeast AL AR FL GA KY LA MS NC SC TN VA WV,29310
Converse College,Southeast AL AR FL GA KY LA MS NC SC TN VA WV,29124
Covenant College,Southeast AL AR FL GA KY LA MS NC SC TN VA WV,29100
Berry College,Southeast AL AR FL GA KY LA MS NC SC TN VA WV,29090
Bridgewater College,Southeast AL AR FL GA KY LA MS NC SC TN VA WV,29090
Emory & Henry College,Southeast AL AR FL GA KY LA MS NC SC TN VA WV,28966
Mary Baldwin College,Southeast AL AR FL GA KY LA MS NC SC TN VA WV,28720
Ferrum College,Southeast AL AR FL GA KY LA MS NC SC TN VA WV,28585
Florida Southern College,Southeast AL AR FL GA KY LA MS NC SC TN VA WV,28580
Christian Brothers University,Southeast AL AR FL GA KY LA MS NC SC TN VA WV,28210
Barry University,Southeast AL AR FL GA KY LA MS NC SC TN VA WV,28160
Milligan College,Southeast AL AR FL GA KY LA MS NC SC TN VA WV,27916
Methodist University,Southeast AL AR FL GA KY LA MS NC SC TN VA WV,27830
Wheeling Jesuit University,Southeast AL AR FL GA KY LA MS NC SC TN VA WV,27830
Averett University,Southeast AL AR FL GA KY LA MS NC SC TN VA WV,27500
Johnson & Wales University-North Miami,Southeast AL AR FL GA KY LA MS NC SC TN VA WV,27456
Johnson & Wales University-Charlotte,Southeast AL AR FL GA KY LA MS NC SC TN VA WV,27456
Belmont University,Southeast AL AR FL GA KY LA MS NC SC TN VA WV,27380
Thomas More College,Southeast AL AR FL GA KY LA MS NC SC TN VA WV,27345
Union University,Southeast AL AR FL GA KY LA MS NC SC TN VA WV,26880
Catawba College,Southeast AL AR FL GA KY LA MS NC SC TN VA WV,26820
Columbia College,Southeast AL AR FL GA KY LA MS NC SC TN VA WV,26800
West Virginia Wesleyan College,Southeast AL AR FL GA KY LA MS NC SC TN VA WV,26794
North Carolina Wesleyan College,Southeast AL AR FL GA KY LA MS NC SC TN VA WV,26632
Marymount University,Southeast AL AR FL GA KY LA MS NC SC TN VA WV,26430
St Thomas University,Southeast AL AR FL GA KY LA MS NC SC TN VA WV,26370
Samford University,Southeast AL AR FL GA KY LA MS NC SC TN VA WV,26328
Greensboro College,Southeast AL AR FL GA KY LA MS NC SC TN VA WV,26306
Campbell University,Southeast AL AR FL GA KY LA MS NC SC TN VA WV,26240
Lipscomb University,Southeast AL AR FL GA KY LA MS NC SC TN VA WV,26094
Asbury University,Southeast AL AR FL GA KY LA MS NC SC TN VA WV,26076
Gardner-Webb University,Southeast AL AR FL GA KY LA MS NC SC TN VA WV,25830
The University of Tampa,Southeast AL AR FL GA KY LA MS NC SC TN VA WV,25772
Bethany College,Southeast AL AR FL GA KY LA MS NC SC TN VA WV,25736
LaGrange College,Southeast AL AR FL GA KY LA MS NC SC TN VA WV,25690
Mars Hill University,Southeast AL AR FL GA KY LA MS NC SC TN VA WV,25636
Palm Beach Atlantic University,Southeast AL AR FL GA KY LA MS NC SC TN VA WV,25532
Morehouse College,Southeast AL AR FL GA KY LA MS NC SC TN VA WV,25468
Nova Southeastern University,Southeast AL AR FL GA KY LA MS NC SC TN VA WV,25430
Barton College,Southeast AL AR FL GA KY LA MS NC SC TN VA WV,25396
Brevard College,Southeast AL AR FL GA KY LA MS NC SC TN VA WV,25200
Wingate University,Southeast AL AR FL GA KY LA MS NC SC TN VA WV,25040
Davis & Elkins College,Southeast AL AR FL GA KY LA MS NC SC TN VA WV,24992
King University,Southeast AL AR FL GA KY LA MS NC SC TN VA WV,24960
Virginia Intermont College,Southeast AL AR FL GA KY LA MS NC SC TN VA WV,24642
Spelman College,Southeast AL AR FL GA KY LA MS NC SC TN VA WV,24634
Coker College,Southeast AL AR FL GA KY LA MS NC SC TN VA WV,24579
Salem College,Southeast AL AR FL GA KY LA MS NC SC TN VA WV,24566
University of the Ozarks,Southeast AL AR FL GA KY LA MS NC SC TN VA WV,24350
Lees-McRae College,Southeast AL AR FL GA KY LA MS NC SC TN VA WV,24150
Pfeiffer University,Southeast AL AR FL GA KY LA MS NC SC TN VA WV,24150
William Peace University,Southeast AL AR FL GA KY LA MS NC SC TN VA WV,23900
Newberry College,Southeast AL AR FL GA KY LA MS NC SC TN VA WV,23800
Carson-Newman University,Southeast AL AR FL GA KY LA MS NC SC TN VA WV,23696
Lyon College,Southeast AL AR FL GA KY LA MS NC SC TN VA WV,23594
Montreat College,Southeast AL AR FL GA KY LA MS NC SC TN VA WV,23520
Huntingdon College,Southeast AL AR FL GA KY LA MS NC SC TN VA WV,23500
Brenau University,Southeast AL AR FL GA KY LA MS NC SC TN VA WV,23350
St Andrews University,Southeast AL AR FL GA KY LA MS NC SC TN VA WV,23332
Berea College,Southeast AL AR FL GA KY LA MS NC SC TN VA WV,23170
Ave Maria University,Southeast AL AR FL GA KY LA MS NC SC TN VA WV,23000
Anderson University,Southeast AL AR FL GA KY LA MS NC SC TN VA WV,22790
Alderson Broaddus University,Southeast AL AR FL GA KY LA MS NC SC TN VA WV,22740
John Brown University,Southeast AL AR FL GA KY LA MS NC SC TN VA WV,22734
Chowan University,Southeast AL AR FL GA KY LA MS NC SC TN VA WV,22510
Spalding University,Southeast AL AR FL GA KY LA MS NC SC TN VA WV,22425
Bluefield College,Southeast AL AR FL GA KY LA MS NC SC TN VA WV,22390
Ouachita Baptist University,Southeast AL AR FL GA KY LA MS NC SC TN VA WV,22370
Trevecca Nazarene University,Southeast AL AR FL GA KY LA MS NC SC TN VA WV,22330
Martin Methodist College,Southeast AL AR FL GA KY LA MS NC SC TN VA WV,22272
Tusculum College,Southeast AL AR FL GA KY LA MS NC SC TN VA WV,22250
Southern Wesleyan University,Southeast AL AR FL GA KY LA MS NC SC TN VA WV,22200
Campbellsville University,Southeast AL AR FL GA KY LA MS NC SC TN VA WV,22196
Midway College,Southeast AL AR FL GA KY LA MS NC SC TN VA WV,22150
Charleston Southern University,Southeast AL AR FL GA KY LA MS NC SC TN VA WV,22090
Limestone College,Southeast AL AR FL GA KY LA MS NC SC TN VA WV,22080
Lindsey Wilson College,Southeast AL AR FL GA KY LA MS NC SC TN VA WV,22070
Union College,Southeast AL AR FL GA KY LA MS NC SC TN VA WV,22000
Tennessee Wesleyan College,Southeast AL AR FL GA KY LA MS NC SC TN VA WV,21800
Kentucky Wesleyan College,Southeast AL AR FL GA KY LA MS NC SC TN VA WV,21200
Bryan College-Dayton,Southeast AL AR FL GA KY LA MS NC SC TN VA WV,21150
Clark Atlanta University,Southeast AL AR FL GA KY LA MS NC SC TN VA WV,21100
Webber International University,Southeast AL AR FL GA KY LA MS NC SC TN VA WV,21050
Liberty University,Southeast AL AR FL GA KY LA MS NC SC TN VA WV,20768
Piedmont College,Southeast AL AR FL GA KY LA MS NC SC TN VA WV,20730
Hampton University,Southeast AL AR FL GA KY LA MS NC SC TN VA WV,20724
Xavier University of Louisiana,Southeast AL AR FL GA KY LA MS NC SC TN VA WV,20560
Aquinas College,Southeast AL AR FL GA KY LA MS NC SC TN VA WV,20550
Freed-Hardeman University,Southeast AL AR FL GA KY LA MS NC SC TN VA WV,20468
Fisk University,Southeast AL AR FL GA KY LA MS NC SC TN VA WV,20449
Cumberland University,Southeast AL AR FL GA KY LA MS NC SC TN VA WV,20200
University of the Cumberlands,Southeast AL AR FL GA KY LA MS NC SC TN VA WV,20000
Southeastern University,Southeast AL AR FL GA KY LA MS NC SC TN VA WV,19986
Belhaven University,Southeast AL AR FL GA KY LA MS NC SC TN VA WV,19970
Saint Leo University,Southeast AL AR FL GA KY LA MS NC SC TN VA WV,19920
Southern Adventist University,Southeast AL AR FL GA KY LA MS NC SC TN VA WV,19790
Wesleyan College,Southeast AL AR FL GA KY LA MS NC SC TN VA WV,19775
Shorter University,Southeast AL AR FL GA KY LA MS NC SC TN VA WV,19670
University of Charleston,Southeast AL AR FL GA KY LA MS NC SC TN VA WV,19650
Brescia University,Southeast AL AR FL GA KY LA MS NC SC TN VA WV,19640
Lincoln Memorial University,Southeast AL AR FL GA KY LA MS NC SC TN VA WV,19490
Toccoa Falls College,Southeast AL AR FL GA KY LA MS NC SC TN VA WV,19000
Columbia International University,Southeast AL AR FL GA KY LA MS NC SC TN VA WV,18930
Tuskegee University,Southeast AL AR FL GA KY LA MS NC SC TN VA WV,18900
Southern Virginia University,Southeast AL AR FL GA KY LA MS NC SC TN VA WV,18900
Ohio Valley University,Southeast AL AR FL GA KY LA MS NC SC TN VA WV,18750
University of Mobile,Southeast AL AR FL GA KY LA MS NC SC TN VA WV,18690
Reinhardt University,Southeast AL AR FL GA KY LA MS NC SC TN VA WV,18670
Belmont Abbey College,Southeast AL AR FL GA KY LA MS NC SC TN VA WV,18500
Warner University,Southeast AL AR FL GA KY LA MS NC SC TN VA WV,18430
Benedict College,Southeast AL AR FL GA KY LA MS NC SC TN VA WV,18254
Johnson C Smith University,Southeast AL AR FL GA KY LA MS NC SC TN VA WV,18236
Faulkner University,Southeast AL AR FL GA KY LA MS NC SC TN VA WV,18230
Saint Catharine College,Southeast AL AR FL GA KY LA MS NC SC TN VA WV,18106
Saint Augustine's University,Southeast AL AR FL GA KY LA MS NC SC TN VA WV,17890
University of Pikeville,Southeast AL AR FL GA KY LA MS NC SC TN VA WV,17750
Kentucky Christian University,Southeast AL AR FL GA KY LA MS NC SC TN VA WV,17418
Point University,Southeast AL AR FL GA KY LA MS NC SC TN VA WV,17400
Bennett College,Southeast AL AR FL GA KY LA MS NC SC TN VA WV,17355
Mount Olive College,Southeast AL AR FL GA KY LA MS NC SC TN VA WV,17300
Clearwater Christian College,Southeast AL AR FL GA KY LA MS NC SC TN VA WV,17125
Emmanuel College,Southeast AL AR FL GA KY LA MS NC SC TN VA WV,16800
Truett-McConnell College,Southeast AL AR FL GA KY LA MS NC SC TN VA WV,16610
Shaw University,Southeast AL AR FL GA KY LA MS NC SC TN VA WV,16480
Keiser University-Ft Lauderdale,Southeast AL AR FL GA KY LA MS NC SC TN VA WV,16284
Oakwood University,Southeast AL AR FL GA KY LA MS NC SC TN VA WV,16234
Flagler College-St Augustine,Southeast AL AR FL GA KY LA MS NC SC TN VA WV,16180
Harding University,Southeast AL AR FL GA KY LA MS NC SC TN VA WV,16170
Dillard University,Southeast AL AR FL GA KY LA MS NC SC TN VA WV,16094
Livingstone College,Southeast AL AR FL GA KY LA MS NC SC TN VA WV,16024
Remington College-Tampa Campus,Southeast AL AR FL GA KY LA MS NC SC TN VA WV,15995
Stillman College,Southeast AL AR FL GA KY LA MS NC SC TN VA WV,15901
City College-Fort Lauderdale,Southeast AL AR FL GA KY LA MS NC SC TN VA WV,15840
City College-Gainesville,Southeast AL AR FL GA KY LA MS NC SC TN VA WV,15840
City College-Miami,Southeast AL AR FL GA KY LA MS NC SC TN VA WV,15840
Regent University,Southeast AL AR FL GA KY LA MS NC SC TN VA WV,15838
Bethel University,Southeast AL AR FL GA KY LA MS NC SC TN VA WV,15714
Judson College,Southeast AL AR FL GA KY LA MS NC SC TN VA WV,15630
College of William and Mary,Southeast AL AR FL GA KY LA MS NC SC TN VA WV,15463
Everglades University,Southeast AL AR FL GA KY LA MS NC SC TN VA WV,15400
Virginia Union University,Southeast AL AR FL GA KY LA MS NC SC TN VA WV,15130
Claflin University,Southeast AL AR FL GA KY LA MS NC SC TN VA WV,15010
Mississippi College,Southeast AL AR FL GA KY LA MS NC SC TN VA WV,14868
Florida Memorial University,Southeast AL AR FL GA KY LA MS NC SC TN VA WV,14776
North Greenville University,Southeast AL AR FL GA KY LA MS NC SC TN VA WV,14772
Thomas University,Southeast AL AR FL GA KY LA MS NC SC TN VA WV,14740
Florida College,Southeast AL AR FL GA KY LA MS NC SC TN VA WV,14490
Bethune-Cookman University,Southeast AL AR FL GA KY LA MS NC SC TN VA WV,14410
Virginia Military Institute,Southeast AL AR FL GA KY LA MS NC SC TN VA WV,14404
Louisiana College,Southeast AL AR FL GA KY LA MS NC SC TN VA WV,14120
Williams Baptist College,Southeast AL AR FL GA KY LA MS NC SC TN VA WV,13750
Lee University,Southeast AL AR FL GA KY LA MS NC SC TN VA WV,13750
Winthrop University,Southeast AL AR FL GA KY LA MS NC SC TN VA WV,13670
Brewton-Parker College,Southeast AL AR FL GA KY LA MS NC SC TN VA WV,13560
Central Baptist College,Southeast AL AR FL GA KY LA MS NC SC TN VA WV,13350
Paine College,Southeast AL AR FL GA KY LA MS NC SC TN VA WV,13332
Clemson University,Southeast AL AR FL GA KY LA MS NC SC TN VA WV,13054
Welch College,Southeast AL AR FL GA KY LA MS NC SC TN VA WV,12842
Hodges University,Southeast AL AR FL GA KY LA MS NC SC TN VA WV,12740
University of Virginia-Main Campus,Southeast AL AR FL GA KY LA MS NC SC TN VA WV,12668
Philander Smith College,Southeast AL AR FL GA KY LA MS NC SC TN VA WV,12564
Mid-Atlantic Christian University,Southeast AL AR FL GA KY LA MS NC SC TN VA WV,12160
Carlos Albizu University-Miami,Southeast AL AR FL GA KY LA MS NC SC TN VA WV,12048
Virginia Commonwealth University,Southeast AL AR FL GA KY LA MS NC SC TN VA WV,12002
Allen University,Southeast AL AR FL GA KY LA MS NC SC TN VA WV,11940
Edward Waters College,Southeast AL AR FL GA KY LA MS NC SC TN VA WV,11525
Talladega College,Southeast AL AR FL GA KY LA MS NC SC TN VA WV,11492
Virginia Polytechnic Institute and State University,Southeast AL AR FL GA KY LA MS NC SC TN VA WV,11455
Miles College,Southeast AL AR FL GA KY LA MS NC SC TN VA WV,11454
Longwood University,Southeast AL AR FL GA KY LA MS NC SC TN VA WV,11340
The University of Tennessee-Knoxville,Southeast AL AR FL GA KY LA MS NC SC TN VA WV,11194
Christopher Newport University,Southeast AL AR FL GA KY LA MS NC SC TN VA WV,11092
Morris College,Southeast AL AR FL GA KY LA MS NC SC TN VA WV,11087
Polytechnic University of Puerto Rico-Orlando,Southeast AL AR FL GA KY LA MS NC SC TN VA WV,10920
Citadel Military College of South Carolina,Southeast AL AR FL GA KY LA MS NC SC TN VA WV,10838
University of South Carolina-Columbia,Southeast AL AR FL GA KY LA MS NC SC TN VA WV,10816
William Carey University,Southeast AL AR FL GA KY LA MS NC SC TN VA WV,10800
Voorhees College,Southeast AL AR FL GA KY LA MS NC SC TN VA WV,10780
Le Moyne-Owen College,Southeast AL AR FL GA KY LA MS NC SC TN VA WV,10680
Georgia Institute of Technology-Main Campus,Southeast AL AR FL GA KY LA MS NC SC TN VA WV,10650
College of Charleston,Southeast AL AR FL GA KY LA MS NC SC TN VA WV,10626
Alice Lloyd College,Southeast AL AR FL GA KY LA MS NC SC TN VA WV,10620
University of Georgia,Southeast AL AR FL GA KY LA MS NC SC TN VA WV,10262
Tougaloo College,Southeast AL AR FL GA KY LA MS NC SC TN VA WV,10227
University of South Carolina-Upstate,Southeast AL AR FL GA KY LA MS NC SC TN VA WV,10198
University of Kentucky,Southeast AL AR FL GA KY LA MS NC SC TN VA WV,10110
Lander University,Southeast AL AR FL GA KY LA MS NC SC TN VA WV,10100
University of Montevallo,Southeast AL AR FL GA KY LA MS NC SC TN VA WV,10000
Our Lady of Holy Cross College,Southeast AL AR FL GA KY LA MS NC SC TN VA WV,9950
University of Louisville,Southeast AL AR FL GA KY LA MS NC SC TN VA WV,9946
George Mason University,Southeast AL AR FL GA KY LA MS NC SC TN VA WV,9908
Auburn University,Southeast AL AR FL GA KY LA MS NC SC TN VA WV,9852
South Carolina State University,Southeast AL AR FL GA KY LA MS NC SC TN VA WV,9776
Coastal Carolina University,Southeast AL AR FL GA KY LA MS NC SC TN VA WV,9760
University of Mary Washington,Southeast AL AR FL GA KY LA MS NC SC TN VA WV,9720
Blue Mountain College,Southeast AL AR FL GA KY LA MS NC SC TN VA WV,9470
The University of Alabama,Southeast AL AR FL GA KY LA MS NC SC TN VA WV,9450
Francis Marion University,Southeast AL AR FL GA KY LA MS NC SC TN VA WV,9386
University of South Carolina-Aiken,Southeast AL AR FL GA KY LA MS NC SC TN VA WV,9308
University of Alabama in Huntsville,Southeast AL AR FL GA KY LA MS NC SC TN VA WV,9192
Lane College,Southeast AL AR FL GA KY LA MS NC SC TN VA WV,9180
James Madison University,Southeast AL AR FL GA KY LA MS NC SC TN VA WV,9176
Radford University,Southeast AL AR FL GA KY LA MS NC SC TN VA WV,8976
University of South Carolina-Beaufort,Southeast AL AR FL GA KY LA MS NC SC TN VA WV,8972
Rust College,Southeast AL AR FL GA KY LA MS NC SC TN VA WV,8900
Georgia College and State University,Southeast AL AR FL GA KY LA MS NC SC TN VA WV,8790
Auburn University at Montgomery,Southeast AL AR FL GA KY LA MS NC SC TN VA WV,8750
Western Kentucky University,Southeast AL AR FL GA KY LA MS NC SC TN VA WV,8722
Alabama State University,Southeast AL AR FL GA KY LA MS NC SC TN VA WV,8720
Mid-Continent University,Southeast AL AR FL GA KY LA MS NC SC TN VA WV,8673
Old Dominion University,Southeast AL AR FL GA KY LA MS NC SC TN VA WV,8550
The University of Virginia's College at Wise,Southeast AL AR FL GA KY LA MS NC SC TN VA WV,8509
Northern Kentucky University,Southeast AL AR FL GA KY LA MS NC SC TN VA WV,8376
Georgia State University,Southeast AL AR FL GA KY LA MS NC SC TN VA WV,8368
University of North Carolina at Chapel Hill,Southeast AL AR FL GA KY LA MS NC SC TN VA WV,8340
University of Memphis,Southeast AL AR FL GA KY LA MS NC SC TN VA WV,8312
North Carolina State University at Raleigh,Southeast AL AR FL GA KY LA MS NC SC TN VA WV,8206
Shorter University-College of Adult & Professional Programs,Southeast AL AR FL GA KY LA MS NC SC TN VA WV,8160
Concordia College Alabama,Southeast AL AR FL GA KY LA MS NC SC TN VA WV,8090
Arkansas Baptist College,Southeast AL AR FL GA KY LA MS NC SC TN VA WV,8040
Life University,Southeast AL AR FL GA KY LA MS NC SC TN VA WV,7947
Louisiana State University and Agricultural & Mechanical College,Southeast AL AR FL GA KY LA MS NC SC TN VA WV,7873
University of Arkansas,Southeast AL AR FL GA KY LA MS NC SC TN VA WV,7818
Virginia State University,Southeast AL AR FL GA KY LA MS NC SC TN VA WV,7784
University of West Alabama,Southeast AL AR FL GA KY LA MS NC SC TN VA WV,7660
University of Central Arkansas,Southeast AL AR FL GA KY LA MS NC SC TN VA WV,7595
Henderson State University,Southeast AL AR FL GA KY LA MS NC SC TN VA WV,7580
The University of Tennessee-Chattanooga,Southeast AL AR FL GA KY LA MS NC SC TN VA WV,7554
Middle Tennessee State University,Southeast AL AR FL GA KY LA MS NC SC TN VA WV,7546
Eastern Kentucky University,Southeast AL AR FL GA KY LA MS NC SC TN VA WV,7536
Arkansas State University-Main Campus,Southeast AL AR FL GA KY LA MS NC SC TN VA WV,7510
The University of Tennessee-Martin,Southeast AL AR FL GA KY LA MS NC SC TN VA WV,7507
Morehead State University,Southeast AL AR FL GA KY LA MS NC SC TN VA WV,7498
Southern Arkansas University Main Campus,Southeast AL AR FL GA KY LA MS NC SC TN VA WV,7466
Jones College-Jacksonville,Southeast AL AR FL GA KY LA MS NC SC TN VA WV,7410
Louisiana Tech University,Southeast AL AR FL GA KY LA MS NC SC TN VA WV,7302
Troy University,Southeast AL AR FL GA KY LA MS NC SC TN VA WV,7276
East Tennessee State University,Southeast AL AR FL GA KY LA MS NC SC TN VA WV,7249
University of Alabama at Birmingham,Southeast AL AR FL GA KY LA MS NC SC TN VA WV,7206
Alabama A & M University,Southeast AL AR FL GA KY LA MS NC SC TN VA WV,7182
Norfolk State University,Southeast AL AR FL GA KY LA MS NC SC TN VA WV,7126
University of Arkansas at Little Rock,Southeast AL AR FL GA KY LA MS NC SC TN VA WV,7094
Jacksonville State University,Southeast AL AR FL GA KY LA MS NC SC TN VA WV,7092
University of North Alabama,Southeast AL AR FL GA KY LA MS NC SC TN VA WV,7078
Tennessee Technological University,Southeast AL AR FL GA KY LA MS NC SC TN VA WV,7063
Murray State University,Southeast AL AR FL GA KY LA MS NC SC TN VA WV,7044
University of South Alabama,Southeast AL AR FL GA KY LA MS NC SC TN VA WV,6948
Austin Peay State University,Southeast AL AR FL GA KY LA MS NC SC TN VA WV,6876
Amridge University,Southeast AL AR FL GA KY LA MS NC SC TN VA WV,6870
New College of Florida,Southeast AL AR FL GA KY LA MS NC SC TN VA WV,6866
Mississippi State University,Southeast AL AR FL GA KY LA MS NC SC TN VA WV,6772
University of Mississippi,Southeast AL AR FL GA KY LA MS NC SC TN VA WV,6760
University of Southern Mississippi,Southeast AL AR FL GA KY LA MS NC SC TN VA WV,6744
Southern University and A & M College,Southeast AL AR FL GA KY LA MS NC SC TN VA WV,6630
University of New Orleans,Southeast AL AR FL GA KY LA MS NC SC TN VA WV,6578
Delta State University,Southeast AL AR FL GA KY LA MS NC SC TN VA WV,6562
Florida State University,Southeast AL AR FL GA KY LA MS NC SC TN VA WV,6507
Tennessee State University,Southeast AL AR FL GA KY LA MS NC SC TN VA WV,6498
Florida International University,Southeast AL AR FL GA KY LA MS NC SC TN VA WV,6496
Nicholls State University,Southeast AL AR FL GA KY LA MS NC SC TN VA WV,6468
Appalachian State University,Southeast AL AR FL GA KY LA MS NC SC TN VA WV,6462
West Virginia University,Southeast AL AR FL GA KY LA MS NC SC TN VA WV,6456
Fort Valley State University,Southeast AL AR FL GA KY LA MS NC SC TN VA WV,6438
University of South Florida-Main Campus,Southeast AL AR FL GA KY LA MS NC SC TN VA WV,6410
Glenville State College,Southeast AL AR FL GA KY LA MS NC SC TN VA WV,6384
University of North Carolina at Greensboro,Southeast AL AR FL GA KY LA MS NC SC TN VA WV,6382
The University of West Florida,Southeast AL AR FL GA KY LA MS NC SC TN VA WV,6357
University of North Florida,Southeast AL AR FL GA KY LA MS NC SC TN VA WV,6353
Jackson State University,Southeast AL AR FL GA KY LA MS NC SC TN VA WV,6348
University of North Carolina Wilmington,Southeast AL AR FL GA KY LA MS NC SC TN VA WV,6343
University of Louisiana at Monroe,Southeast AL AR FL GA KY LA MS NC SC TN VA WV,6318
University of Central Florida,Southeast AL AR FL GA KY LA MS NC SC TN VA WV,6317
Kentucky State University,Southeast AL AR FL GA KY LA MS NC SC TN VA WV,6276
Western Carolina University,Southeast AL AR FL GA KY LA MS NC SC TN VA WV,6265
University of Florida,Southeast AL AR FL GA KY LA MS NC SC TN VA WV,6263
Shepherd University,Southeast AL AR FL GA KY LA MS NC SC TN VA WV,6256
University of North Carolina at Asheville,Southeast AL AR FL GA KY LA MS NC SC TN VA WV,6241
West Liberty University,Southeast AL AR FL GA KY LA MS NC SC TN VA WV,6226
Marshall University,Southeast AL AR FL GA KY LA MS NC SC TN VA WV,6216
Northwestern State University of Louisiana,Southeast AL AR FL GA KY LA MS NC SC TN VA WV,6207
University of Louisiana at Lafayette,Southeast AL AR FL GA KY LA MS NC SC TN VA WV,6192
Concord University,Southeast AL AR FL GA KY LA MS NC SC TN VA WV,6160
East Carolina University,Southeast AL AR FL GA KY LA MS NC SC TN VA WV,6143
Florida Gulf Coast University,Southeast AL AR FL GA KY LA MS NC SC TN VA WV,6118
Alcorn State University,Southeast AL AR FL GA KY LA MS NC SC TN VA WV,6108
University of North Carolina at Charlotte,Southeast AL AR FL GA KY LA MS NC SC TN VA WV,6107
Georgia Southern University,Southeast AL AR FL GA KY LA MS NC SC TN VA WV,6071
Albany State University,Southeast AL AR FL GA KY LA MS NC SC TN VA WV,6024
Grambling State University,Southeast AL AR FL GA KY LA MS NC SC TN VA WV,5950
University of Arkansas at Pine Bluff,Southeast AL AR FL GA KY LA MS NC SC TN VA WV,5938
West Virginia State University,Southeast AL AR FL GA KY LA MS NC SC TN VA WV,5932
Mississippi Valley State University,Southeast AL AR FL GA KY LA MS NC SC TN VA WV,5916
Valdosta State University,Southeast AL AR FL GA KY LA MS NC SC TN VA WV,5889
University of West Georgia,Southeast AL AR FL GA KY LA MS NC SC TN VA WV,5837
Fairmont State University,Southeast AL AR FL GA KY LA MS NC SC TN VA WV,5824
University of South Florida-St Petersburg,Southeast AL AR FL GA KY LA MS NC SC TN VA WV,5820
Kennesaw State University,Southeast AL AR FL GA KY LA MS NC SC TN VA WV,5818
West Virginia University Institute of Technology,Southeast AL AR FL GA KY LA MS NC SC TN VA WV,5808
University of Arkansas at Monticello,Southeast AL AR FL GA KY LA MS NC SC TN VA WV,5793
Florida Agricultural and Mechanical University,Southeast AL AR FL GA KY LA MS NC SC TN VA WV,5785
Southern Polytechnic State University,Southeast AL AR FL GA KY LA MS NC SC TN VA WV,5732
Southeastern Louisiana University,Southeast AL AR FL GA KY LA MS NC SC TN VA WV,5715
McNeese State University,Southeast AL AR FL GA KY LA MS NC SC TN VA WV,5701
Mississippi University for Women,Southeast AL AR FL GA KY LA MS NC SC TN VA WV,5640
Louisiana State University-Shreveport,Southeast AL AR FL GA KY LA MS NC SC TN VA WV,5606
Arkansas Tech University,Southeast AL AR FL GA KY LA MS NC SC TN VA WV,5598
University of South Florida-Sarasota-Manatee,Southeast AL AR FL GA KY LA MS NC SC TN VA WV,5587
Bluefield State College,Southeast AL AR FL GA KY LA MS NC SC TN VA WV,5564
North Carolina Central University,Southeast AL AR FL GA KY LA MS NC SC TN VA WV,5526
Columbus State University,Southeast AL AR FL GA KY LA MS NC SC TN VA WV,5514
Winston-Salem State University,Southeast AL AR FL GA KY LA MS NC SC TN VA WV,5468
North Carolina A & T State University,Southeast AL AR FL GA KY LA MS NC SC TN VA WV,5422
Savannah State University,Southeast AL AR FL GA KY LA MS NC SC TN VA WV,5415
Louisiana State University-Alexandria,Southeast AL AR FL GA KY LA MS NC SC TN VA WV,5337
Georgia Gwinnett College,Southeast AL AR FL GA KY LA MS NC SC TN VA WV,5246
Clayton  State University,Southeast AL AR FL GA KY LA MS NC SC TN VA WV,5153
University of North Carolina at Pembroke,Southeast AL AR FL GA KY LA MS NC SC TN VA WV,5144
Armstrong Atlantic State University,Southeast AL AR FL GA KY LA MS NC SC TN VA WV,5085
Georgia Southwestern State University,Southeast AL AR FL GA KY LA MS NC SC TN VA WV,5035
Southern University at New Orleans,Southeast AL AR FL GA KY LA MS NC SC TN VA WV,4911
Florida Atlantic University,Southeast AL AR FL GA KY LA MS NC SC TN VA WV,4790
Fayetteville State University,Southeast AL AR FL GA KY LA MS NC SC TN VA WV,4605
University of Arkansas-Fort Smith,Southeast AL AR FL GA KY LA MS NC SC TN VA WV,4528
Elizabeth City State University,Southeast AL AR FL GA KY LA MS NC SC TN VA WV,4429
Dalton State College,Southeast AL AR FL GA KY LA MS NC SC TN VA WV,3910
St Petersburg College,Southeast AL AR FL GA KY LA MS NC SC TN VA WV,3232
West Virginia University at Parkersburg,Southeast AL AR FL GA KY LA MS NC SC TN VA WV,2712
St John's College,Southwest AZ NM OK TX,46286
Southern Methodist University,Southwest AZ NM OK TX,43800
Rice University,Southwest AZ NM OK TX,38941
Texas Christian University,Southwest AZ NM OK TX,36590
Baylor University,Southwest AZ NM OK TX,35972
Southwestern University,Southwest AZ NM OK TX,35240
University of Tulsa,Southwest AZ NM OK TX,34835
Trinity University,Southwest AZ NM OK TX,34678
Austin College,Southwest AZ NM OK TX,33830
Saint Edward's University,Southwest AZ NM OK TX,33720
University of Dallas,Southwest AZ NM OK TX,33110
Embry-Riddle Aeronautical University-Prescott,Southwest AZ NM OK TX,31034
Prescott College,Southwest AZ NM OK TX,29732
Oklahoma City University,Southwest AZ NM OK TX,29426
Abilene Christian University,Southwest AZ NM OK TX,28350
University of St Thomas,Southwest AZ NM OK TX,28240
Houston Baptist University,Southwest AZ NM OK TX,27930
Texas Lutheran University,Southwest AZ NM OK TX,25890
Concordia University-Texas,Southwest AZ NM OK TX,25880
LeTourneau University,Southwest AZ NM OK TX,25740
University of Mary Hardin-Baylor,Southwest AZ NM OK TX,25200
St Mary's University,Southwest AZ NM OK TX,25126
University of the Incarnate Word,Southwest AZ NM OK TX,24790
McMurry University,Southwest AZ NM OK TX,24296
Our Lady of the Lake University,Southwest AZ NM OK TX,23938
Hardin-Simmons University,Southwest AZ NM OK TX,23460
Howard Payne University,Southwest AZ NM OK TX,23200
East Texas Baptist University,Southwest AZ NM OK TX,22590
Oral Roberts University,Southwest AZ NM OK TX,22508
Schreiner University,Southwest AZ NM OK TX,22484
Dallas Baptist University,Southwest AZ NM OK TX,22350
Oklahoma Wesleyan University,Southwest AZ NM OK TX,22252
Southern Nazarene University,Southwest AZ NM OK TX,22044
Texas Wesleyan University,Southwest AZ NM OK TX,22040
Oklahoma Baptist University,Southwest AZ NM OK TX,21842
Arizona Christian University,Southwest AZ NM OK TX,21832
Saint Gregory's University,Southwest AZ NM OK TX,20595
Oklahoma Christian University,Southwest AZ NM OK TX,18800
Lubbock Christian University,Southwest AZ NM OK TX,18740
Southwestern Adventist University,Southwest AZ NM OK TX,18640
Southwestern Assemblies of God University,Southwest AZ NM OK TX,17830
Mid-America Christian University,Southwest AZ NM OK TX,15688
University of the Southwest,Southwest AZ NM OK TX,14280
Southwestern Christian University,Southwest AZ NM OK TX,14220
Bacone College,Southwest AZ NM OK TX,14050
Paul Quinn College,Southwest AZ NM OK TX,13525
Huston-Tillotson University,Southwest AZ NM OK TX,13494
Wayland Baptist University,Southwest AZ NM OK TX,12550
American Indian College of the Assemblies of God Inc,Southwest AZ NM OK TX,12000
Wiley College,Southwest AZ NM OK TX,11382
Jarvis Christian College,Southwest AZ NM OK TX,11369
The University of Texas at Dallas,Southwest AZ NM OK TX,10864
University of Arizona,Southwest AZ NM OK TX,10391
Texas College,Southwest AZ NM OK TX,10008
Arizona State University-Tempe,Southwest AZ NM OK TX,9861
The University of Texas at Austin,Southwest AZ NM OK TX,9798
Northern Arizona University,Southwest AZ NM OK TX,9738
University of Oklahoma-Norman Campus,Southwest AZ NM OK TX,8916
The University of Texas at Arlington,Southwest AZ NM OK TX,8878
University of North Texas,Southwest AZ NM OK TX,8745
Texas A & M University-College Station,Southwest AZ NM OK TX,8506
Stephen F Austin State University,Southwest AZ NM OK TX,8412
University of Houston,Southwest AZ NM OK TX,8401
Texas State University,Southwest AZ NM OK TX,8060
Texas Southern University,Southwest AZ NM OK TX,7946
Midwestern State University,Southwest AZ NM OK TX,7665
Southwestern Christian College,Southwest AZ NM OK TX,7620
Texas Tech University,Southwest AZ NM OK TX,7517
The University of Texas at San Antonio,Southwest AZ NM OK TX,7457
Oklahoma State University-Main Campus,Southwest AZ NM OK TX,7442
Lamar University,Southwest AZ NM OK TX,7429
Texas Woman's University,Southwest AZ NM OK TX,7339
The University of Texas at El Paso,Southwest AZ NM OK TX,7255
The University of Texas at Tyler,Southwest AZ NM OK TX,7222
Texas A & M University-Corpus Christi,Southwest AZ NM OK TX,7172
Sam Houston State University,Southwest AZ NM OK TX,7022
Texas A & M University-Kingsville,Southwest AZ NM OK TX,6940
University of New Mexico-Main Campus,Southwest AZ NM OK TX,6846
Prairie View A & M University,Southwest AZ NM OK TX,6764
Oklahoma Panhandle State University,Southwest AZ NM OK TX,6739
Texas A & M University-Commerce,Southwest AZ NM OK TX,6583
Angelo State University,Southwest AZ NM OK TX,6559
West Texas A & M University,Southwest AZ NM OK TX,6500
University of Houston-Victoria,Southwest AZ NM OK TX,6248
New Mexico State University-Main Campus,Southwest AZ NM OK TX,6220
Tarleton State University,Southwest AZ NM OK TX,5856
Texas A & M International University,Southwest AZ NM OK TX,5818
New Mexico Institute of Mining and Technology,Southwest AZ NM OK TX,5714
Northwestern Oklahoma State University,Southwest AZ NM OK TX,5642
Texas A & M University-Texarkana,Southwest AZ NM OK TX,5578
Southwestern Oklahoma State University,Southwest AZ NM OK TX,5460
University of Central Oklahoma,Southwest AZ NM OK TX,5437
Sul Ross State University,Southwest AZ NM OK TX,5436
The University of Texas at Brownsville,Southwest AZ NM OK TX,5372
Rogers State University,Southwest AZ NM OK TX,5349
Southeastern Oklahoma State University,Southwest AZ NM OK TX,5315
The University of Texas of the Permian Basin,Southwest AZ NM OK TX,5250
East Central University,Southwest AZ NM OK TX,5241
University of Houston-Downtown,Southwest AZ NM OK TX,5238
The University of Texas-Pan American,Southwest AZ NM OK TX,5173
Cameron University,Southwest AZ NM OK TX,5055
Northeastern State University,Southwest AZ NM OK TX,4992
University of Science and Arts of Oklahoma,Southwest AZ NM OK TX,4866
Western New Mexico University,Southwest AZ NM OK TX,4723
Eastern New Mexico University-Main Campus,Southwest AZ NM OK TX,4558
Northern New Mexico College,Southwest AZ NM OK TX,4060
New Mexico Highlands University,Southwest AZ NM OK TX,4000
Langston University,Southwest AZ NM OK TX,3815
